product_id,units_sold,total_revenue,unique_customers,category,brand,is_premium
496,53,33310.35,53,Electronics,Brand_16,1
730,47,25509.59,47,Electronics,Brand_56,1
1590,61,25202.87,61,Home,Brand_70,1
223,46,21984.75,46,Electronics,Brand_6,1
87,54,20928.56,54,Electronics,Brand_24,1
1792,51,20030.57,51,Electronics,Brand_80,1
705,56,20024.7,56,Electronics,Brand_53,1
1328,50,19840.79,50,Electronics,Brand_71,1
1185,43,18447.920000000002,43,Electronics,Brand_80,1
1862,52,18134.46,52,Electronics,Brand_29,1
316,45,17941.56,45,Electronics,Brand_57,1
564,49,17696.9,49,Electronics,Brand_26,1
412,60,17667.079999999998,60,Home,Brand_74,1
830,58,17415.96,57,Electronics,Brand_80,1
60,41,17262.54,41,Electronics,Brand_84,1
1089,45,16547.75,45,Electronics,Brand_2,1
1881,46,16462.75,46,Electronics,Brand_33,1
971,58,16417.45,58,Electronics,Brand_78,1
1721,53,16344.68,53,Electronics,Brand_7,1
1429,64,16181.31,64,Electronics,Brand_50,1
687,54,15646.1,54,Electronics,Brand_43,1
649,61,15499.34,61,Home,Brand_66,1
1381,48,15416.78,48,Electronics,Brand_27,1
1164,50,15280.630000000001,50,Electronics,Brand_61,1
128,58,15251.869999999999,58,Electronics,Brand_67,1
1960,45,14989.51,45,Electronics,Brand_96,1
876,48,14947.6,48,Home,Brand_62,1
1777,41,14881.53,41,Electronics,Brand_10,1
1230,49,14631.470000000001,49,Electronics,Brand_71,1
325,47,14527.08,47,Electronics,Brand_5,1
874,64,14426.1,64,Electronics,Brand_21,1
1239,50,14275.93,50,Electronics,Brand_31,1
1584,47,14242.95,47,Electronics,Brand_82,1
1491,44,14043.5,44,Electronics,Brand_94,1
727,49,13978.74,49,Electronics,Brand_2,1
1393,53,13668.6,53,Electronics,Brand_20,1
189,34,13621.369999999999,34,Electronics,Brand_84,1
396,50,13525.199999999999,50,Home,Brand_96,1
1519,52,13472.47,52,Electronics,Brand_43,1
628,37,13389.65,37,Electronics,Brand_67,1
1084,54,13340.41,54,Sports,Brand_52,1
1973,52,13316.99,52,Electronics,Brand_61,1
1249,50,13178.44,50,Home,Brand_6,1
1309,58,13099.72,58,Electronics,Brand_58,1
933,51,13061.2,51,Electronics,Brand_34,1
171,43,13020.71,43,Electronics,Brand_29,1
899,55,12922.02,55,Electronics,Brand_65,1
1324,60,12910.45,60,Electronics,Brand_64,1
1658,41,12890.980000000001,41,Electronics,Brand_72,1
881,49,12806.25,49,Electronics,Brand_1,1
1007,40,12759.74,40,Electronics,Brand_77,1
1988,50,12655.18,50,Electronics,Brand_66,1
1701,45,12631.619999999999,45,Electronics,Brand_85,1
591,59,12626.77,59,Electronics,Brand_29,1
581,47,12607.86,47,Electronics,Brand_85,1
1605,51,12607.07,51,Home,Brand_7,1
919,43,12538.44,43,Home,Brand_15,1
606,62,12531.04,62,Home,Brand_32,1
1912,57,12502.52,57,Electronics,Brand_19,1
1100,42,12453.6,42,Home,Brand_59,1
1280,52,12362.05,52,Electronics,Brand_9,1
3,54,12343.28,54,Electronics,Brand_70,1
1299,40,12334.24,40,Electronics,Brand_81,1
484,46,12214.29,46,Electronics,Brand_49,1
902,47,12122.3,47,Electronics,Brand_65,1
443,57,12098.52,57,Electronics,Brand_99,1
985,51,12087.43,51,Electronics,Brand_31,1
1978,51,12037.48,51,Electronics,Brand_7,1
1966,38,11905.65,38,Electronics,Brand_20,1
1226,42,11900.94,42,Electronics,Brand_87,1
179,47,11873.52,47,Electronics,Brand_4,1
285,43,11781.48,43,Electronics,Brand_64,1
1353,53,11768.24,53,Electronics,Brand_7,1
192,53,11709.32,53,Electronics,Brand_13,1
149,54,11702.19,54,Electronics,Brand_89,1
1355,50,11655.71,50,Electronics,Brand_81,1
1516,51,11530.07,51,Electronics,Brand_96,1
826,55,11410.53,55,Electronics,Brand_88,1
1601,47,11370.96,47,Electronics,Brand_9,1
199,41,11360.41,41,Electronics,Brand_39,1
8,68,11347.59,68,Home,Brand_41,1
726,49,11345.24,49,Electronics,Brand_28,1
256,55,11328.28,55,Electronics,Brand_78,1
956,49,11327.45,49,Electronics,Brand_62,1
1219,41,11241.42,41,Electronics,Brand_3,1
550,42,11214.41,42,Electronics,Brand_77,1
1583,58,11127.42,58,Electronics,Brand_64,1
784,47,11113.730000000001,47,Electronics,Brand_92,1
1449,48,11081.54,48,Electronics,Brand_13,1
761,49,11074.18,49,Home,Brand_69,1
1522,53,11067.09,53,Electronics,Brand_60,1
1682,43,11047.119999999999,43,Electronics,Brand_28,1
1081,39,11028.16,39,Electronics,Brand_100,1
1321,59,11011.67,59,Electronics,Brand_72,1
1459,54,10991.039999999999,54,Home,Brand_90,1
1735,41,10987.33,41,Electronics,Brand_52,1
268,40,10970.279999999999,40,Electronics,Brand_58,1
1370,46,10967.59,46,Home,Brand_40,1
1860,45,10961.86,45,Electronics,Brand_19,1
973,42,10961.109999999999,41,Electronics,Brand_49,1
368,46,10934.64,46,Electronics,Brand_15,1
343,51,10876.69,51,Electronics,Brand_13,1
1156,54,10793.69,54,Electronics,Brand_60,1
589,54,10704.53,53,Electronics,Brand_32,1
738,43,10660.61,43,Electronics,Brand_90,1
190,44,10639.24,44,Electronics,Brand_52,1
1564,55,10590.71,55,Home,Brand_5,1
1714,48,10568.710000000001,48,Electronics,Brand_72,1
1386,40,10558.56,40,Electronics,Brand_49,1
184,51,10552.69,51,Electronics,Brand_48,1
1742,59,10549.84,59,Electronics,Brand_9,1
177,47,10518.28,47,Electronics,Brand_14,1
390,49,10503.06,49,Electronics,Brand_35,1
946,42,10502.43,42,Electronics,Brand_39,1
912,45,10495.8,45,Electronics,Brand_70,1
1113,45,10464.74,45,Electronics,Brand_70,1
234,49,10462.14,49,Electronics,Brand_71,1
683,50,10417.26,50,Electronics,Brand_3,1
1140,65,10408.619999999999,65,Electronics,Brand_79,1
1346,58,10348.9,58,Electronics,Brand_87,1
1513,70,10342.98,70,Sports,Brand_6,1
1041,47,10341.0,47,Electronics,Brand_70,1
362,52,10329.470000000001,52,Electronics,Brand_21,1
365,47,10262.09,47,Electronics,Brand_38,1
421,59,10260.81,59,Fashion,Brand_100,1
1787,50,10255.86,50,Electronics,Brand_33,1
1384,51,10234.15,51,Home,Brand_66,1
1255,44,10198.97,44,Electronics,Brand_29,1
558,49,10189.11,49,Electronics,Brand_70,1
1430,50,10178.31,50,Electronics,Brand_18,1
733,52,10157.359999999999,51,Electronics,Brand_51,1
459,49,10136.43,49,Electronics,Brand_36,1
57,44,10107.34,44,Electronics,Brand_25,1
1588,45,10068.8,45,Electronics,Brand_40,1
1663,55,10055.94,55,Home,Brand_4,1
46,36,10053.640000000001,36,Home,Brand_14,1
1463,63,10040.92,63,Electronics,Brand_24,1
1049,50,9976.32,50,Electronics,Brand_82,1
1454,45,9955.63,45,Sports,Brand_33,1
836,41,9901.43,41,Fashion,Brand_46,1
418,46,9893.1,46,Electronics,Brand_80,1
411,53,9867.04,53,Electronics,Brand_33,1
641,58,9828.949999999999,58,Electronics,Brand_63,1
475,43,9757.779999999999,43,Electronics,Brand_93,1
1232,44,9742.56,44,Sports,Brand_85,1
17,51,9728.25,51,Electronics,Brand_75,1
1330,40,9711.82,40,Home,Brand_45,1
80,44,9705.52,44,Electronics,Brand_7,1
336,60,9675.13,60,Fashion,Brand_24,1
1623,64,9663.34,64,Sports,Brand_93,1
1706,43,9657.01,43,Electronics,Brand_27,1
790,56,9648.83,56,Electronics,Brand_93,1
164,40,9634.95,40,Electronics,Brand_84,1
1727,56,9629.8,55,Home,Brand_20,1
358,61,9617.23,61,Home,Brand_82,1
1517,55,9604.960000000001,55,Electronics,Brand_96,1
395,41,9602.74,41,Home,Brand_67,1
1778,61,9586.83,61,Electronics,Brand_43,1
1998,47,9579.92,47,Electronics,Brand_34,1
598,58,9561.58,58,Electronics,Brand_95,1
853,45,9553.939999999999,45,Electronics,Brand_94,1
1064,44,9548.78,44,Electronics,Brand_93,1
860,54,9521.74,54,Home,Brand_54,1
794,40,9500.220000000001,40,Home,Brand_39,1
583,47,9488.82,47,Sports,Brand_92,1
1364,42,9473.79,42,Electronics,Brand_81,1
1179,51,9459.86,51,Home,Brand_23,1
862,52,9459.11,52,Home,Brand_33,1
1308,45,9437.62,45,Fashion,Brand_85,1
666,50,9418.48,50,Home,Brand_51,1
1826,61,9396.37,61,Sports,Brand_12,1
1928,45,9388.92,45,Home,Brand_15,1
145,46,9379.6,46,Electronics,Brand_7,1
1627,47,9369.94,47,Electronics,Brand_66,1
812,46,9362.269999999999,46,Electronics,Brand_59,1
857,41,9361.33,41,Electronics,Brand_9,1
1843,46,9352.67,46,Electronics,Brand_15,1
791,47,9321.87,47,Electronics,Brand_38,1
1649,34,9316.26,34,Electronics,Brand_60,1
1337,43,9283.78,43,Electronics,Brand_23,1
1304,46,9265.18,46,Home,Brand_17,1
158,50,9164.05,50,Electronics,Brand_42,1
137,53,9131.800000000001,53,Electronics,Brand_72,1
233,47,9110.59,47,Home,Brand_56,1
269,61,9105.33,61,Electronics,Brand_53,1
1498,53,9103.83,53,Sports,Brand_89,1
436,53,9102.5,53,Home,Brand_82,1
673,45,9100.86,45,Electronics,Brand_82,1
819,55,9091.83,55,Electronics,Brand_90,1
968,39,9091.57,39,Electronics,Brand_77,1
374,42,9076.69,42,Home,Brand_88,1
1109,55,9050.33,55,Home,Brand_32,1
503,51,9042.78,51,Electronics,Brand_21,1
44,53,9030.45,53,Electronics,Brand_16,1
547,34,9025.57,34,Electronics,Brand_12,1
292,46,9021.61,46,Electronics,Brand_5,1
739,39,9015.82,39,Electronics,Brand_76,1
785,49,9000.05,49,Sports,Brand_93,1
1476,53,8990.8,53,Electronics,Brand_31,1
1158,45,8943.77,45,Electronics,Brand_48,1
1151,47,8941.55,47,Electronics,Brand_24,1
372,41,8923.0,41,Electronics,Brand_24,1
1086,47,8901.12,47,Sports,Brand_49,1
279,53,8892.16,53,Electronics,Brand_70,1
937,52,8758.75,52,Home,Brand_11,1
1645,35,8758.63,35,Electronics,Brand_53,1
560,52,8743.44,52,Electronics,Brand_50,1
737,44,8740.56,44,Electronics,Brand_16,1
534,44,8733.56,44,Electronics,Brand_100,1
1695,61,8731.48,61,Electronics,Brand_11,1
264,47,8708.93,47,Home,Brand_60,1
1422,57,8686.41,57,Sports,Brand_79,1
681,49,8681.18,49,Home,Brand_12,1
1387,57,8656.08,57,Electronics,Brand_75,1
456,51,8649.61,51,Electronics,Brand_3,1
1340,50,8617.199999999999,50,Electronics,Brand_74,1
941,46,8610.37,46,Sports,Brand_51,1
633,44,8589.3,44,Home,Brand_56,1
1985,53,8572.82,53,Electronics,Brand_2,1
1033,36,8544.36,36,Fashion,Brand_14,1
133,61,8530.33,61,Fashion,Brand_39,1
1026,56,8501.18,56,Sports,Brand_3,1
35,60,8496.86,60,Electronics,Brand_37,1
510,54,8440.3,54,Electronics,Brand_8,1
1238,49,8436.73,49,Electronics,Brand_95,1
1945,50,8435.04,50,Sports,Brand_35,1
1006,49,8405.1,49,Electronics,Brand_55,1
20,52,8344.73,52,Home,Brand_16,1
1725,44,8320.8,44,Electronics,Brand_70,1
1172,51,8309.11,51,Home,Brand_52,1
1683,56,8211.710000000001,56,Electronics,Brand_76,1
220,49,8209.02,49,Electronics,Brand_84,1
495,40,8201.16,40,Electronics,Brand_24,1
1218,56,8194.96,56,Home,Brand_98,1
594,56,8190.2,56,Electronics,Brand_19,1
1028,49,8167.599999999999,49,Electronics,Brand_39,1
869,47,8159.56,47,Electronics,Brand_55,1
95,62,8149.48,62,Fashion,Brand_10,1
378,58,8142.33,58,Home,Brand_20,1
885,52,8083.87,52,Home,Brand_10,1
1405,44,8078.5199999999995,44,Electronics,Brand_62,1
1396,55,8070.5,55,Electronics,Brand_17,1
1755,45,8069.900000000001,45,Home,Brand_22,1
287,41,8059.96,41,Electronics,Brand_4,1
851,38,8041.2,38,Electronics,Brand_85,1
1061,38,8037.32,38,Home,Brand_68,1
1371,56,8036.18,56,Electronics,Brand_85,1
106,53,8003.929999999999,53,Home,Brand_27,1
587,45,7976.64,45,Home,Brand_66,1
958,56,7969.76,56,Electronics,Brand_10,1
803,41,7963.51,41,Home,Brand_75,1
1444,49,7960.92,49,Electronics,Brand_58,1
1736,51,7939.68,51,Sports,Brand_63,1
781,50,7938.74,50,Home,Brand_33,1
1329,56,7936.8099999999995,56,Home,Brand_27,1
910,47,7898.7,47,Electronics,Brand_16,1
1487,42,7896.84,42,Electronics,Brand_5,1
1285,49,7890.139999999999,49,Electronics,Brand_18,1
1141,42,7883.639999999999,42,Electronics,Brand_72,1
1190,61,7880.02,61,Fashion,Brand_17,1
38,46,7877.889999999999,46,Home,Brand_28,1
1102,35,7852.320000000001,35,Electronics,Brand_23,1
568,46,7849.56,46,Home,Brand_8,1
388,46,7836.049999999999,46,Home,Brand_55,1
859,43,7831.13,43,Electronics,Brand_28,1
2000,47,7814.0199999999995,47,Electronics,Brand_72,1
805,50,7801.28,50,Home,Brand_20,1
1639,53,7800.06,53,Home,Brand_59,1
922,46,7794.35,46,Electronics,Brand_99,1
53,54,7789.79,54,Home,Brand_72,1
1867,54,7787.52,54,Home,Brand_8,1
1946,45,7785.9,45,Electronics,Brand_13,1
999,54,7782.83,54,Home,Brand_11,1
376,58,7780.88,58,Home,Brand_95,1
1512,49,7780.28,49,Electronics,Brand_48,1
70,47,7774.7699999999995,47,Home,Brand_51,1
1326,56,7774.03,56,Sports,Brand_42,1
1408,39,7763.200000000001,39,Electronics,Brand_39,1
1231,51,7755.4800000000005,51,Electronics,Brand_26,1
1343,39,7750.48,39,Electronics,Brand_58,1
77,63,7725.11,63,Sports,Brand_25,1
732,42,7703.22,42,Home,Brand_34,1
88,50,7694.58,50,Home,Brand_51,1
1228,51,7681.58,51,Home,Brand_41,1
627,45,7676.09,45,Home,Brand_43,1
1563,59,7647.610000000001,59,Home,Brand_28,1
1997,50,7646.48,49,Electronics,Brand_78,1
351,48,7636.12,48,Home,Brand_50,1
1025,63,7619.21,63,Fashion,Brand_31,1
1853,62,7611.47,61,Fashion,Brand_36,1
871,59,7608.17,59,Electronics,Brand_22,1
1465,42,7590.68,42,Sports,Brand_74,1
1042,43,7581.44,43,Sports,Brand_85,1
756,48,7575.26,48,Home,Brand_6,1
1412,63,7564.42,63,Home,Brand_61,1
1070,49,7559.070000000001,49,Home,Brand_50,1
78,36,7540.7699999999995,36,Home,Brand_6,1
214,48,7538.12,48,Electronics,Brand_12,1
341,52,7536.7,52,Home,Brand_80,1
947,48,7490.76,48,Electronics,Brand_23,1
1419,52,7486.72,52,Electronics,Brand_54,1
987,52,7483.1,52,Electronics,Brand_24,1
1173,39,7477.91,39,Electronics,Brand_77,1
948,46,7473.45,46,Sports,Brand_34,1
1142,44,7458.08,44,Home,Brand_18,1
1241,36,7456.96,36,Electronics,Brand_85,1
959,41,7453.17,41,Electronics,Brand_46,1
58,42,7448.82,42,Home,Brand_86,1
1539,45,7444.22,45,Electronics,Brand_77,1
290,49,7439.45,49,Sports,Brand_1,1
1615,52,7420.05,52,Sports,Brand_92,1
1348,51,7420.05,51,Home,Brand_27,1
890,49,7411.83,49,Electronics,Brand_66,1
1558,45,7411.76,45,Electronics,Brand_49,1
260,51,7402.74,51,Home,Brand_10,1
1581,48,7401.58,48,Electronics,Brand_21,1
891,59,7400.820000000001,59,Electronics,Brand_70,1
740,40,7398.22,40,Electronics,Brand_14,1
1341,47,7394.33,46,Electronics,Brand_76,1
1942,45,7389.32,45,Electronics,Brand_60,1
1316,44,7373.05,44,Sports,Brand_6,1
960,51,7360.0199999999995,51,Home,Brand_54,1
1806,46,7354.85,46,Home,Brand_24,1
829,50,7351.71,50,Electronics,Brand_47,1
769,38,7342.01,38,Electronics,Brand_69,1
645,41,7339.42,41,Sports,Brand_36,1
499,61,7332.19,61,Home,Brand_58,1
528,38,7323.89,38,Electronics,Brand_69,1
1877,43,7322.04,43,Home,Brand_13,1
1963,26,7318.3,26,Electronics,Brand_40,1
470,42,7317.139999999999,42,Electronics,Brand_23,1
1437,45,7310.93,45,Electronics,Brand_79,1
529,51,7310.660000000001,51,Electronics,Brand_16,1
454,42,7308.49,42,Electronics,Brand_31,1
122,43,7303.29,43,Home,Brand_69,1
1749,51,7296.79,51,Home,Brand_33,1
1598,43,7295.33,43,Electronics,Brand_2,1
1277,41,7284.16,41,Home,Brand_95,1
1587,57,7279.07,57,Electronics,Brand_92,1
1258,54,7265.66,54,Electronics,Brand_18,1
824,35,7258.950000000001,35,Electronics,Brand_1,1
1420,40,7247.54,40,Sports,Brand_89,1
750,52,7246.37,52,Electronics,Brand_89,1
1902,44,7216.87,44,Electronics,Brand_51,1
556,54,7190.01,54,Home,Brand_9,1
120,47,7178.69,47,Fashion,Brand_34,1
1047,44,7173.55,44,Electronics,Brand_48,1
1731,45,7155.18,45,Electronics,Brand_53,1
1796,56,7150.49,56,Electronics,Brand_85,1
1751,44,7123.38,44,Electronics,Brand_10,1
593,46,7121.07,46,Electronics,Brand_71,1
1058,48,7082.160000000001,48,Electronics,Brand_89,1
1259,49,7058.900000000001,49,Electronics,Brand_69,1
1544,44,7057.42,44,Home,Brand_59,1
577,50,7053.4800000000005,50,Electronics,Brand_6,1
1713,55,6998.88,55,Home,Brand_28,1
283,47,6996.09,47,Electronics,Brand_17,1
928,68,6989.66,68,Electronics,Brand_17,1
648,48,6952.58,48,Electronics,Brand_56,1
1637,52,6944.12,52,Electronics,Brand_97,1
215,47,6939.03,47,Electronics,Brand_91,1
1174,55,6925.09,55,Sports,Brand_84,1
850,54,6925.01,54,Home,Brand_42,1
1764,58,6919.1,58,Electronics,Brand_41,1
1108,46,6917.34,46,Home,Brand_95,1
1478,37,6911.38,36,Electronics,Brand_1,1
900,47,6908.99,47,Electronics,Brand_63,1
383,43,6905.7699999999995,43,Electronics,Brand_25,1
700,50,6890.14,50,Electronics,Brand_40,1
554,56,6887.24,56,Electronics,Brand_91,1
505,38,6879.6,38,Home,Brand_55,1
1591,44,6878.8099999999995,44,Electronics,Brand_88,1
1050,44,6878.54,44,Home,Brand_35,1
1227,52,6869.51,52,Electronics,Brand_45,1
96,30,6848.49,30,Home,Brand_57,1
1913,46,6846.81,46,Home,Brand_70,1
1146,53,6842.14,53,Home,Brand_76,1
1176,49,6837.41,49,Sports,Brand_74,1
798,47,6837.38,47,Electronics,Brand_20,1
1611,45,6821.56,45,Electronics,Brand_10,1
1834,52,6810.01,52,Electronics,Brand_72,1
1680,54,6794.56,54,Sports,Brand_79,1
889,48,6793.54,48,Electronics,Brand_84,1
230,56,6793.0199999999995,56,Electronics,Brand_80,1
22,47,6783.28,47,Electronics,Brand_67,1
615,57,6778.09,57,Home,Brand_61,1
1542,41,6764.87,41,Home,Brand_49,1
1934,52,6754.250000000001,52,Sports,Brand_57,1
1418,45,6750.41,45,Sports,Brand_87,1
1494,53,6750.07,53,Electronics,Brand_2,1
543,51,6749.860000000001,51,Electronics,Brand_30,1
1153,63,6749.08,63,Electronics,Brand_19,1
905,54,6746.22,54,Fashion,Brand_7,1
310,35,6730.64,35,Electronics,Brand_100,1
607,46,6702.099999999999,46,Home,Brand_95,1
148,41,6697.6,41,Electronics,Brand_41,1
1896,48,6682.610000000001,48,Sports,Brand_25,1
1169,52,6681.31,52,Electronics,Brand_95,1
124,39,6671.08,39,Home,Brand_4,1
1002,59,6662.46,59,Home,Brand_8,1
147,44,6655.02,44,Electronics,Brand_54,1
511,39,6651.13,39,Sports,Brand_18,1
1388,32,6638.08,32,Electronics,Brand_8,1
1376,45,6630.599999999999,45,Electronics,Brand_29,1
544,57,6628.18,57,Electronics,Brand_41,1
553,45,6617.8099999999995,45,Sports,Brand_55,1
800,42,6617.76,42,Electronics,Brand_70,1
19,43,6607.42,43,Sports,Brand_81,1
1150,59,6602.12,59,Electronics,Brand_38,1
1678,42,6601.05,42,Electronics,Brand_75,1
1798,51,6594.56,51,Electronics,Brand_36,1
675,52,6593.4,52,Fashion,Brand_89,1
1379,47,6590.99,47,Sports,Brand_5,1
1275,61,6590.78,61,Sports,Brand_82,1
602,60,6585.15,60,Home,Brand_65,1
1534,46,6582.34,46,Fashion,Brand_70,1
69,49,6580.76,49,Home,Brand_52,1
135,36,6574.59,36,Electronics,Brand_56,1
1752,49,6573.95,49,Electronics,Brand_62,1
1939,46,6565.82,46,Home,Brand_48,1
872,48,6562.650000000001,48,Home,Brand_54,1
1020,52,6552.65,51,Sports,Brand_53,1
4,67,6545.28,67,Fashion,Brand_56,1
1996,46,6517.89,46,Home,Brand_39,1
391,37,6501.18,37,Electronics,Brand_76,1
1240,37,6497.88,37,Electronics,Brand_54,1
729,43,6491.0599999999995,43,Home,Brand_5,1
1162,72,6483.31,72,Electronics,Brand_50,1
309,41,6466.75,41,Home,Brand_98,1
371,41,6460.11,41,Home,Brand_42,1
1281,42,6450.63,42,Electronics,Brand_48,1
616,57,6445.74,57,Home,Brand_47,1
486,60,6445.32,60,Home,Brand_43,1
1702,51,6437.49,51,Electronics,Brand_44,1
1325,52,6434.52,52,Home,Brand_15,1
1290,50,6431.43,50,Home,Brand_16,1
570,42,6412.389999999999,42,Home,Brand_8,1
1099,44,6404.110000000001,44,Electronics,Brand_15,1
817,50,6400.36,50,Home,Brand_81,1
655,45,6390.070000000001,45,Sports,Brand_22,1
695,47,6387.08,47,Electronics,Brand_71,1
611,47,6385.55,47,Sports,Brand_75,1
62,59,6375.67,59,Sports,Brand_59,1
668,38,6373.68,38,Electronics,Brand_7,1
1763,35,6355.39,35,Electronics,Brand_86,1
1423,45,6352.599999999999,45,Fashion,Brand_2,1
1350,46,6326.49,46,Home,Brand_15,1
363,53,6320.71,53,Sports,Brand_87,1
306,53,6317.02,53,Sports,Brand_9,1
1849,52,6315.91,52,Home,Brand_94,1
1759,48,6311.33,48,Electronics,Brand_63,1
1389,52,6307.3099999999995,52,Home,Brand_92,1
1015,52,6304.17,52,Sports,Brand_60,1
703,49,6292.64,49,Electronics,Brand_55,1
397,63,6291.28,63,Fashion,Brand_6,1
535,45,6275.81,45,Home,Brand_28,1
229,40,6275.570000000001,40,Home,Brand_51,1
367,43,6274.53,43,Electronics,Brand_4,1
1744,36,6272.71,36,Home,Brand_2,1
1686,41,6268.349999999999,41,Fashion,Brand_75,1
1723,42,6262.67,42,Electronics,Brand_39,1
1300,62,6253.5199999999995,62,Home,Brand_51,1
663,57,6243.04,57,Home,Brand_67,1
1710,43,6239.400000000001,43,Electronics,Brand_25,1
1166,57,6237.62,57,Home,Brand_71,1
692,42,6237.18,42,Electronics,Brand_70,1
818,43,6217.58,43,Electronics,Brand_25,1
1198,50,6217.35,50,Home,Brand_75,1
1726,49,6216.150000000001,49,Electronics,Brand_88,1
435,44,6212.92,44,Electronics,Brand_16,1
1965,40,6208.9,40,Electronics,Brand_43,1
1762,56,6206.96,56,Sports,Brand_85,1
1377,56,6179.85,56,Home,Brand_44,1
1922,46,6173.7,46,Home,Brand_89,1
1305,52,6168.849999999999,52,Sports,Brand_1,1
760,50,6159.860000000001,50,Home,Brand_64,1
1831,42,6146.0,42,Electronics,Brand_45,1
686,37,6140.5199999999995,37,Electronics,Brand_20,1
127,41,6122.66,41,Electronics,Brand_60,1
697,45,6121.06,45,Electronics,Brand_76,1
1117,46,6118.27,46,Fashion,Brand_34,1
970,47,6114.1,47,Electronics,Brand_4,1
1312,35,6103.71,35,Electronics,Brand_42,1
617,49,6099.219999999999,49,Electronics,Brand_2,1
1095,32,6098.4,32,Electronics,Brand_74,1
468,47,6093.74,47,Electronics,Brand_12,1
796,36,6082.73,36,Home,Brand_78,1
1107,51,6072.49,51,Home,Brand_4,1
875,38,6068.46,38,Electronics,Brand_27,1
1216,43,6068.06,43,Electronics,Brand_26,1
1333,38,6059.15,38,Fashion,Brand_23,1
169,38,6049.71,38,Electronics,Brand_8,1
1250,38,6037.21,38,Electronics,Brand_44,1
1816,52,6031.7,52,Electronics,Brand_3,1
1473,52,6029.91,52,Sports,Brand_72,1
1192,44,6027.07,44,Electronics,Brand_33,1
1131,43,6025.81,43,Electronics,Brand_7,1
636,43,6021.09,43,Electronics,Brand_60,1
1964,53,6017.33,53,Home,Brand_91,1
289,51,6005.45,51,Home,Brand_87,1
1468,52,5998.94,52,Electronics,Brand_23,1
440,53,5994.46,53,Fashion,Brand_45,1
1445,39,5993.849999999999,39,Electronics,Brand_60,1
232,50,5978.87,50,Home,Brand_73,1
599,40,5965.24,40,Home,Brand_26,1
1850,48,5961.17,48,Electronics,Brand_4,1
1236,48,5950.45,48,Home,Brand_87,1
952,49,5944.39,49,Sports,Brand_19,1
373,45,5937.75,45,Home,Brand_20,1
688,45,5930.28,45,Electronics,Brand_14,1
575,50,5923.73,50,Sports,Brand_60,1
574,52,5910.56,52,Home,Brand_40,1
14,51,5903.54,51,Home,Brand_57,1
65,50,5900.57,50,Sports,Brand_79,1
1722,53,5891.82,53,Home,Brand_68,1
1273,55,5884.07,55,Home,Brand_84,1
516,47,5877.95,47,Electronics,Brand_19,1
1489,56,5872.67,56,Electronics,Brand_60,1
1484,53,5864.11,53,Sports,Brand_10,1
98,51,5859.72,51,Electronics,Brand_6,1
1090,46,5856.92,46,Electronics,Brand_94,1
1847,44,5848.17,44,Electronics,Brand_24,1
111,43,5847.97,43,Home,Brand_13,1
1060,44,5839.36,44,Fashion,Brand_4,1
447,52,5822.49,52,Home,Brand_78,1
59,42,5822.03,42,Sports,Brand_94,1
402,38,5821.4400000000005,38,Electronics,Brand_8,1
1120,49,5819.74,49,Home,Brand_74,1
532,42,5814.17,42,Sports,Brand_62,1
1671,44,5811.85,44,Home,Brand_83,1
1313,48,5796.1900000000005,48,Home,Brand_59,1
670,51,5791.74,51,Home,Brand_3,1
1024,58,5783.61,58,Fashion,Brand_22,1
834,46,5776.58,46,Home,Brand_31,1
1336,48,5773.18,48,Electronics,Brand_23,1
842,47,5764.099999999999,47,Electronics,Brand_24,1
774,46,5752.95,46,Electronics,Brand_39,1
1359,61,5751.11,61,Fashion,Brand_16,1
646,37,5723.66,37,Home,Brand_92,1
1930,35,5723.570000000001,35,Electronics,Brand_43,1
1621,48,5716.37,48,Fashion,Brand_49,1
380,39,5711.5199999999995,39,Electronics,Brand_32,1
848,49,5703.25,49,Home,Brand_80,1
662,39,5677.61,39,Electronics,Brand_67,1
709,55,5676.71,55,Fashion,Brand_98,1
1010,52,5670.12,52,Fashion,Brand_73,1
252,60,5669.84,60,Fashion,Brand_54,1
1213,54,5666.68,54,Fashion,Brand_100,1
1094,38,5665.86,38,Electronics,Brand_80,1
965,44,5660.84,44,Home,Brand_11,1
76,56,5657.8,56,Fashion,Brand_52,1
684,45,5654.16,45,Home,Brand_89,1
708,46,5649.12,46,Electronics,Brand_6,1
1483,32,5648.580000000001,32,Home,Brand_63,1
586,33,5645.78,33,Electronics,Brand_46,1
1409,45,5630.71,45,Sports,Brand_17,1
1048,48,5621.15,48,Sports,Brand_22,1
1486,42,5603.89,42,Home,Brand_76,1
1820,51,5596.3099999999995,51,Fashion,Brand_85,1
430,44,5591.17,44,Electronics,Brand_46,1
1770,43,5588.71,43,Electronics,Brand_35,1
669,40,5587.21,40,Electronics,Brand_75,1
1668,41,5586.73,41,Electronics,Brand_47,1
1149,46,5584.5199999999995,46,Fashion,Brand_58,1
1846,38,5562.07,38,Electronics,Brand_34,1
1561,47,5557.22,47,Fashion,Brand_74,1
437,45,5553.65,45,Sports,Brand_97,1
908,33,5552.46,33,Electronics,Brand_35,1
634,37,5551.75,37,Home,Brand_72,1
173,44,5548.48,44,Home,Brand_27,1
980,48,5539.9800000000005,48,Beauty,Brand_15,1
1940,46,5539.23,46,Electronics,Brand_55,1
622,44,5524.54,44,Fashion,Brand_70,1
262,48,5521.7699999999995,48,Home,Brand_99,1
1127,39,5510.84,39,Electronics,Brand_20,1
1366,47,5502.7,47,Sports,Brand_80,1
840,47,5499.240000000001,47,Electronics,Brand_41,1
1888,44,5494.91,44,Electronics,Brand_20,1
424,47,5492.18,47,Home,Brand_59,1
40,40,5484.13,40,Home,Brand_12,1
218,55,5479.43,55,Electronics,Brand_30,1
110,38,5467.28,38,Home,Brand_22,1
1666,41,5465.68,41,Electronics,Brand_14,1
308,44,5462.8099999999995,44,Sports,Brand_31,1
1610,53,5461.63,53,Electronics,Brand_59,1
11,53,5459.139999999999,53,Sports,Brand_8,1
222,50,5441.1900000000005,50,Home,Brand_3,1
893,69,5438.61,69,Home,Brand_86,0
1828,59,5424.04,59,Sports,Brand_24,1
1789,55,5421.93,55,Sports,Brand_54,1
748,48,5421.929999999999,48,Electronics,Brand_94,1
422,44,5403.84,44,Fashion,Brand_16,1
1655,45,5402.639999999999,45,Sports,Brand_67,1
236,39,5401.6,39,Sports,Brand_65,1
1093,51,5399.99,51,Electronics,Brand_18,1
954,53,5387.219999999999,53,Sports,Brand_26,1
1779,47,5385.47,47,Electronics,Brand_34,1
323,50,5385.39,50,Fashion,Brand_44,1
1361,45,5379.9,45,Fashion,Brand_81,1
837,43,5376.4,43,Home,Brand_41,1
1481,56,5364.1900000000005,56,Fashion,Brand_52,1
1962,58,5353.820000000001,58,Home,Brand_57,1
976,45,5352.99,45,Fashion,Brand_56,1
196,43,5352.22,43,Electronics,Brand_31,1
1378,49,5347.18,49,Sports,Brand_93,1
1640,43,5346.92,43,Sports,Brand_32,1
444,52,5343.780000000001,52,Sports,Brand_32,1
194,50,5339.74,50,Sports,Brand_68,1
1224,42,5336.84,42,Electronics,Brand_1,1
527,40,5332.62,40,Electronics,Brand_50,1
1034,40,5321.07,40,Sports,Brand_72,1
809,52,5319.38,52,Fashion,Brand_52,1
559,48,5311.73,48,Electronics,Brand_3,1
1469,36,5310.04,36,Fashion,Brand_78,1
1075,43,5293.89,43,Beauty,Brand_51,1
815,51,5284.4,51,Sports,Brand_67,1
353,53,5279.63,53,Sports,Brand_58,1
1848,53,5274.96,53,Sports,Brand_41,1
1970,53,5268.44,53,Fashion,Brand_19,1
1772,37,5257.92,37,Home,Brand_32,1
1814,45,5246.85,45,Home,Brand_53,1
1626,53,5245.36,53,Sports,Brand_86,1
1537,43,5245.05,43,Home,Brand_67,1
1441,54,5232.99,54,Sports,Brand_56,1
1160,46,5231.44,46,Home,Brand_34,1
537,65,5227.57,65,Home,Brand_41,0
132,41,5217.94,41,Electronics,Brand_5,1
105,41,5210.51,41,Home,Brand_43,1
1527,52,5208.54,52,Sports,Brand_32,1
1274,51,5194.49,50,Electronics,Brand_91,1
661,33,5193.66,33,Electronics,Brand_87,1
531,40,5190.98,40,Electronics,Brand_99,1
929,48,5186.5,48,Electronics,Brand_24,1
249,49,5180.1,49,Electronics,Brand_45,1
429,50,5173.25,50,Home,Brand_25,1
1509,52,5168.639999999999,52,Fashion,Brand_78,1
175,47,5161.58,47,Electronics,Brand_38,1
473,38,5157.4800000000005,38,Electronics,Brand_54,1
1685,45,5154.58,45,Electronics,Brand_74,1
1657,40,5153.5,40,Home,Brand_34,1
561,53,5153.139999999999,53,Sports,Brand_14,1
209,50,5147.89,50,Electronics,Brand_73,1
1756,49,5144.83,49,Fashion,Brand_14,1
216,47,5134.65,47,Home,Brand_88,1
1757,41,5125.31,41,Fashion,Brand_54,1
1944,47,5125.13,47,Electronics,Brand_93,1
1863,41,5111.59,41,Home,Brand_82,1
1670,42,5109.76,42,Fashion,Brand_81,1
936,51,5104.26,51,Sports,Brand_25,1
1248,55,5104.17,55,Home,Brand_63,1
1518,47,5103.96,47,Electronics,Brand_24,1
820,45,5103.44,45,Sports,Brand_78,1
1342,42,5100.96,42,Home,Brand_72,1
1178,42,5097.85,42,Electronics,Brand_89,1
369,43,5091.6,43,Fashion,Brand_80,1
84,52,5089.38,52,Home,Brand_74,1
767,44,5082.08,44,Electronics,Brand_30,1
1360,52,5080.650000000001,52,Sports,Brand_6,1
86,49,5080.05,49,Electronics,Brand_20,1
172,55,5073.83,55,Electronics,Brand_94,1
156,46,5065.83,46,Home,Brand_27,1
998,49,5063.320000000001,49,Sports,Brand_26,1
1323,51,5061.0,51,Sports,Brand_35,1
1383,58,5056.48,58,Electronics,Brand_97,1
85,47,5043.37,47,Fashion,Brand_14,1
974,42,5031.8099999999995,42,Sports,Brand_54,1
713,58,5030.08,58,Electronics,Brand_74,1
480,36,5030.06,36,Home,Brand_60,1
1718,42,5029.3,42,Electronics,Brand_75,1
500,43,5026.03,43,Sports,Brand_82,1
1635,43,5024.35,43,Electronics,Brand_3,1
1972,50,5024.299999999999,50,Home,Brand_25,1
364,58,5022.37,58,Home,Brand_60,1
1536,41,5014.95,41,Sports,Brand_73,1
994,43,5013.95,43,Fashion,Brand_82,1
1748,52,5013.7699999999995,52,Home,Brand_86,1
810,46,5013.75,46,Electronics,Brand_92,1
1071,51,5012.87,51,Fashion,Brand_78,1
15,38,5012.33,38,Sports,Brand_88,1
434,46,5012.3099999999995,46,Electronics,Brand_62,1
123,39,5004.47,39,Sports,Brand_77,1
1253,38,4999.12,38,Home,Brand_22,1
334,51,4995.04,51,Home,Brand_65,1
1855,48,4986.38,48,Home,Brand_96,1
771,30,4984.78,30,Electronics,Brand_25,1
198,50,4979.25,50,Electronics,Brand_38,1
450,50,4970.33,50,Home,Brand_54,1
1784,50,4965.06,50,Home,Brand_38,1
187,49,4964.88,49,Home,Brand_97,1
61,38,4950.78,38,Home,Brand_36,1
203,36,4947.89,36,Electronics,Brand_83,1
168,44,4941.68,44,Electronics,Brand_88,1
1480,41,4939.349999999999,41,Electronics,Brand_81,1
1040,38,4935.06,38,Sports,Brand_2,1
329,50,4933.47,50,Sports,Brand_76,1
64,51,4928.85,51,Electronics,Brand_98,1
1225,43,4928.51,43,Home,Brand_98,1
538,44,4928.33,44,Sports,Brand_71,1
704,56,4926.3,56,Fashion,Brand_70,1
1180,53,4924.8099999999995,53,Electronics,Brand_38,1
1395,38,4923.55,38,Home,Brand_52,1
438,49,4922.7699999999995,49,Home,Brand_29,1
671,39,4918.87,39,Electronics,Brand_68,1
399,44,4910.8099999999995,44,Home,Brand_60,1
1546,53,4908.95,53,Electronics,Brand_38,1
18,51,4897.16,51,Sports,Brand_49,1
882,46,4892.8,46,Fashion,Brand_92,1
337,48,4890.88,48,Home,Brand_100,1
1307,50,4888.4800000000005,50,Fashion,Brand_98,1
1585,48,4884.99,48,Sports,Brand_37,1
1303,38,4882.47,38,Sports,Brand_33,1
1712,52,4874.16,52,Electronics,Brand_11,1
315,46,4873.02,46,Home,Brand_63,1
1856,42,4872.32,42,Home,Brand_40,1
521,48,4866.53,48,Sports,Brand_49,1
163,50,4863.86,50,Electronics,Brand_43,1
1809,42,4860.5199999999995,42,Sports,Brand_95,1
1675,62,4859.33,62,Home,Brand_23,1
312,61,4859.11,61,Fashion,Brand_77,1
1399,59,4855.42,59,Home,Brand_51,1
1197,42,4848.42,42,Home,Brand_59,1
1651,39,4846.95,39,Fashion,Brand_79,1
1036,54,4840.2300000000005,54,Fashion,Brand_58,1
1549,62,4838.25,62,Fashion,Brand_87,0
466,39,4833.67,39,Sports,Brand_10,1
446,49,4832.63,49,Home,Brand_3,1
1137,36,4831.49,36,Electronics,Brand_1,1
1653,59,4828.02,59,Sports,Brand_76,0
1011,52,4823.25,52,Electronics,Brand_53,1
1699,46,4821.92,46,Electronics,Brand_100,1
724,45,4819.1,45,Home,Brand_53,1
782,43,4809.16,43,Fashion,Brand_96,1
1876,46,4808.22,46,Home,Brand_64,1
1257,48,4803.13,48,Beauty,Brand_88,1
1027,46,4801.7,46,Fashion,Brand_72,1
997,40,4798.65,40,Sports,Brand_35,1
1223,48,4792.84,48,Home,Brand_10,1
1528,44,4791.36,44,Electronics,Brand_80,1
1711,46,4788.71,46,Electronics,Brand_70,1
979,50,4788.08,50,Sports,Brand_29,1
398,44,4765.200000000001,44,Electronics,Brand_64,1
419,60,4764.15,60,Fashion,Brand_87,1
932,37,4758.76,37,Fashion,Brand_76,1
1116,45,4758.34,45,Fashion,Brand_75,1
1841,46,4757.96,46,Sports,Brand_23,1
103,51,4757.92,51,Fashion,Brand_52,1
1183,50,4748.360000000001,50,Electronics,Brand_61,1
1687,52,4747.42,52,Home,Brand_27,1
1552,48,4745.0599999999995,47,Home,Brand_65,1
1111,52,4744.929999999999,52,Home,Brand_54,1
825,45,4736.9,45,Home,Brand_82,1
1119,41,4731.32,41,Home,Brand_52,1
1088,56,4723.69,56,Fashion,Brand_72,0
603,47,4722.25,47,Electronics,Brand_72,1
618,39,4687.6,39,Home,Brand_60,1
548,40,4685.57,40,Home,Brand_49,1
717,45,4685.320000000001,45,Fashion,Brand_93,1
939,56,4682.29,56,Electronics,Brand_98,0
10,42,4676.5,42,Home,Brand_61,1
743,48,4674.58,48,Home,Brand_97,1
112,42,4668.37,42,Fashion,Brand_59,1
1132,36,4663.08,36,Sports,Brand_42,1
227,50,4657.47,50,Fashion,Brand_8,1
1593,42,4651.38,42,Home,Brand_36,1
864,53,4647.84,53,Electronics,Brand_83,0
545,51,4647.43,51,Fashion,Brand_75,1
1220,56,4639.62,56,Fashion,Brand_30,1
1349,53,4636.86,53,Sports,Brand_10,1
497,58,4636.4,58,Fashion,Brand_95,1
917,40,4626.78,40,Home,Brand_5,1
1055,61,4625.38,61,Electronics,Brand_73,0
658,51,4624.3,51,Fashion,Brand_18,1
464,55,4618.5,55,Fashion,Brand_30,0
966,51,4614.3,51,Fashion,Brand_1,1
903,47,4613.15,47,Home,Brand_61,1
455,56,4607.69,56,Fashion,Brand_77,1
1990,43,4607.5199999999995,43,Home,Brand_12,1
1995,46,4599.47,46,Fashion,Brand_3,1
1436,37,4592.79,37,Home,Brand_88,1
1724,43,4591.14,43,Electronics,Brand_2,1
609,48,4590.93,48,Electronics,Brand_19,1
346,59,4587.6900000000005,59,Fashion,Brand_81,0
1394,42,4582.58,42,Electronics,Brand_97,1
1567,48,4577.75,48,Home,Brand_1,1
522,47,4573.33,47,Fashion,Brand_85,1
1768,51,4569.54,51,Sports,Brand_17,1
1673,47,4561.87,47,Home,Brand_76,1
894,42,4551.7300000000005,42,Fashion,Brand_30,1
901,44,4550.63,44,Sports,Brand_57,1
1244,45,4546.32,45,Sports,Brand_84,1
1523,31,4542.7300000000005,31,Electronics,Brand_49,1
1014,42,4540.16,42,Sports,Brand_8,1
417,38,4538.0,38,Sports,Brand_57,1
1417,44,4526.96,44,Sports,Brand_31,1
178,46,4526.57,46,Home,Brand_44,1
943,43,4523.2,43,Sports,Brand_13,1
519,48,4518.79,48,Home,Brand_49,0
344,47,4504.39,47,Home,Brand_44,1
517,49,4500.58,49,Fashion,Brand_52,1
945,46,4500.16,46,Sports,Brand_27,1
423,49,4495.150000000001,49,Sports,Brand_31,1
942,53,4493.3,53,Home,Brand_67,1
1932,45,4474.18,45,Electronics,Brand_47,1
1971,47,4469.36,47,Home,Brand_92,1
514,49,4465.099999999999,49,Fashion,Brand_78,1
1211,55,4464.32,55,Home,Brand_77,1
801,42,4463.27,42,Fashion,Brand_19,1
608,54,4462.03,54,Electronics,Brand_11,1
1504,50,4459.54,50,Fashion,Brand_22,0
533,46,4458.47,46,Home,Brand_94,1
490,54,4456.85,54,Sports,Brand_90,0
811,42,4455.719999999999,42,Electronics,Brand_78,1
452,44,4452.58,44,Home,Brand_41,1
321,38,4450.51,38,Sports,Brand_81,1
1424,41,4450.1900000000005,41,Home,Brand_77,1
1272,52,4444.56,52,Fashion,Brand_71,1
153,48,4444.41,48,Sports,Brand_89,1
1677,46,4438.27,46,Sports,Brand_28,1
757,37,4437.07,37,Home,Brand_27,1
1433,54,4433.71,54,Home,Brand_10,0
565,39,4433.17,39,Electronics,Brand_75,1
485,54,4421.4800000000005,54,Sports,Brand_85,0
707,54,4420.35,54,Home,Brand_71,0
1187,49,4420.0,49,Fashion,Brand_66,1
1184,59,4418.48,59,Electronics,Brand_35,0
1785,45,4416.88,45,Home,Brand_3,1
1182,45,4415.36,45,Fashion,Brand_22,1
185,39,4414.32,39,Sports,Brand_84,1
481,45,4413.35,45,Electronics,Brand_50,1
1421,54,4413.12,54,Fashion,Brand_52,0
629,54,4402.53,54,Fashion,Brand_90,0
1819,48,4400.62,48,Sports,Brand_78,1
1045,44,4394.099999999999,44,Electronics,Brand_82,1
592,45,4381.0,45,Electronics,Brand_48,1
401,54,4378.110000000001,54,Fashion,Brand_89,0
1608,57,4375.7,56,Fashion,Brand_53,0
963,44,4372.74,44,Electronics,Brand_51,0
1665,47,4372.44,47,Home,Brand_1,1
1577,43,4367.44,43,Home,Brand_54,1
1908,55,4364.34,55,Fashion,Brand_5,0
204,44,4356.6,44,Electronics,Brand_68,1
207,36,4349.99,36,Fashion,Brand_50,1
996,40,4347.0,40,Home,Brand_71,1
1035,59,4341.64,59,Sports,Brand_78,1
822,41,4340.91,41,Home,Brand_31,1
623,49,4335.08,49,Home,Brand_49,1
1625,47,4334.54,47,Home,Brand_38,1
1357,53,4333.21,53,Home,Brand_85,0
1782,38,4331.36,38,Home,Brand_69,1
131,48,4324.62,48,Fashion,Brand_18,1
1614,39,4317.44,39,Fashion,Brand_69,1
753,34,4311.72,34,Fashion,Brand_1,1
1079,53,4304.91,53,Home,Brand_58,1
449,39,4298.87,39,Home,Brand_1,1
1691,48,4297.53,48,Home,Brand_37,1
1039,37,4292.09,37,Electronics,Brand_64,1
1619,39,4291.2,39,Home,Brand_82,1
210,41,4286.44,41,Home,Brand_88,1
1740,56,4279.7300000000005,56,Fashion,Brand_5,1
1709,58,4279.73,58,Sports,Brand_83,0
1134,44,4279.28,44,Fashion,Brand_39,1
32,55,4276.99,55,Home,Brand_78,1
1844,37,4272.37,37,Electronics,Brand_46,1
1012,42,4267.43,42,Fashion,Brand_69,1
827,53,4265.2699999999995,53,Sports,Brand_1,0
404,57,4265.24,57,Home,Brand_8,0
573,44,4243.27,44,Home,Brand_50,1
1705,38,4242.47,38,Fashion,Brand_19,1
226,49,4239.75,49,Home,Brand_84,1
471,56,4238.45,56,Home,Brand_69,1
94,51,4237.92,51,Fashion,Brand_99,1
788,50,4237.35,50,Home,Brand_91,0
1105,62,4234.62,62,Fashion,Brand_42,0
224,40,4225.22,40,Fashion,Brand_34,1
251,44,4224.24,44,Fashion,Brand_50,1
1530,37,4222.99,37,Home,Brand_16,1
868,46,4222.5,46,Sports,Brand_32,1
1310,49,4217.58,49,Electronics,Brand_81,1
1750,49,4216.14,49,Home,Brand_62,1
73,57,4213.34,57,Fashion,Brand_84,0
855,47,4211.66,47,Fashion,Brand_4,1
1541,36,4201.25,36,Electronics,Brand_9,1
1915,54,4194.45,54,Fashion,Brand_52,0
1471,47,4193.79,47,Electronics,Brand_4,1
1557,41,4189.81,41,Home,Brand_10,1
1900,40,4186.9800000000005,40,Home,Brand_52,1
1261,51,4185.45,51,Home,Brand_72,1
1138,39,4184.47,39,Fashion,Brand_2,1
892,55,4184.38,55,Home,Brand_11,0
1953,38,4184.36,38,Sports,Brand_39,1
139,52,4178.349999999999,52,Home,Brand_92,1
272,48,4175.73,48,Sports,Brand_18,1
620,42,4174.96,42,Fashion,Brand_78,1
835,40,4174.65,40,Home,Brand_61,1
1505,38,4174.25,38,Electronics,Brand_2,1
1555,51,4174.17,51,Home,Brand_44,1
448,57,4160.01,57,Fashion,Brand_4,0
445,49,4158.97,49,Sports,Brand_40,0
685,46,4158.44,46,Home,Brand_72,1
770,37,4156.72,37,Sports,Brand_28,1
1794,42,4153.23,42,Home,Brand_44,1
975,40,4149.4400000000005,40,Sports,Brand_80,1
1335,49,4147.17,49,Sports,Brand_88,0
231,35,4134.8,35,Electronics,Brand_37,1
935,42,4134.47,42,Sports,Brand_78,1
1700,43,4134.36,43,Electronics,Brand_85,1
1129,47,4132.91,47,Home,Brand_32,1
211,32,4129.0,32,Electronics,Brand_87,1
1462,46,4126.25,46,Electronics,Brand_39,1
407,40,4125.7,40,Sports,Brand_83,1
1852,48,4119.78,48,Fashion,Brand_7,0
458,57,4117.12,57,Sports,Brand_70,0
1879,46,4116.06,46,Electronics,Brand_26,1
355,45,4112.41,45,Fashion,Brand_79,1
1390,40,4109.95,40,Electronics,Brand_12,1
25,42,4103.91,42,Home,Brand_9,1
896,49,4103.02,49,Fashion,Brand_84,1
282,35,4099.5,35,Sports,Brand_51,1
324,36,4093.43,36,Fashion,Brand_95,1
585,42,4074.24,42,Home,Brand_31,1
1977,40,4070.62,40,Home,Brand_88,1
647,42,4069.58,42,Sports,Brand_51,1
1294,59,4065.42,59,Sports,Brand_47,0
1425,39,4064.6400000000003,39,Home,Brand_85,1
141,38,4063.61,38,Electronics,Brand_9,1
1632,48,4063.61,48,Fashion,Brand_99,1
335,45,4060.88,45,Electronics,Brand_56,1
1490,40,4057.66,40,Beauty,Brand_3,1
867,51,4055.72,51,Sports,Brand_48,0
1754,38,4055.1,38,Home,Brand_44,1
1903,50,4054.94,50,Electronics,Brand_69,0
1482,43,4049.77,43,Home,Brand_65,1
723,45,4049.23,45,Electronics,Brand_32,1
200,49,4042.09,49,Home,Brand_87,1
97,44,4041.53,44,Sports,Brand_38,1
1135,35,4041.42,35,Fashion,Brand_19,1
763,44,4035.56,44,Home,Brand_19,1
345,52,4032.95,52,Home,Brand_8,0
1923,51,4029.85,51,Sports,Brand_86,0
300,45,4014.95,45,Electronics,Brand_31,1
197,46,4009.86,46,Fashion,Brand_58,1
144,52,4006.76,52,Fashion,Brand_83,0
1356,46,4005.56,46,Sports,Brand_77,1
1314,48,3997.4500000000003,48,Beauty,Brand_32,0
202,60,3979.12,60,Fashion,Brand_29,0
51,44,3973.81,44,Fashion,Brand_2,0
1265,42,3972.25,42,Fashion,Brand_18,1
1013,30,3968.51,30,Sports,Brand_81,1
1644,39,3959.1299999999997,39,Sports,Brand_98,1
425,51,3957.62,51,Sports,Brand_38,0
588,48,3948.12,48,Home,Brand_48,0
26,53,3948.02,53,Fashion,Brand_2,0
93,37,3944.84,37,Electronics,Brand_27,1
257,44,3934.1000000000004,44,Home,Brand_38,1
773,49,3933.0,49,Sports,Brand_34,0
1603,38,3932.5,38,Electronics,Brand_80,1
566,38,3929.16,38,Home,Brand_68,1
1738,39,3922.87,39,Fashion,Brand_47,0
1805,54,3915.08,54,Sports,Brand_75,0
1737,39,3912.6800000000003,39,Fashion,Brand_9,1
331,37,3910.77,37,Home,Brand_21,1
1019,42,3902.2000000000003,42,Electronics,Brand_36,1
1037,41,3886.75,41,Fashion,Brand_100,1
1803,43,3883.94,43,Home,Brand_100,1
911,51,3868.83,51,Fashion,Brand_10,0
5,43,3867.87,43,Sports,Brand_1,1
832,37,3862.77,37,Home,Brand_88,1
621,47,3858.4799999999996,47,Fashion,Brand_67,1
1575,58,3856.76,58,Fashion,Brand_14,0
1617,47,3855.13,47,Sports,Brand_47,1
1570,43,3852.02,43,Fashion,Brand_14,0
806,48,3850.97,48,Home,Brand_63,0
333,45,3845.79,45,Beauty,Brand_19,1
261,52,3837.9300000000003,52,Electronics,Brand_92,0
1452,48,3834.33,48,Fashion,Brand_67,0
1886,41,3832.97,41,Sports,Brand_54,1
1292,48,3827.2799999999997,48,Sports,Brand_45,0
296,55,3823.6,55,Fashion,Brand_95,0
542,50,3822.64,50,Electronics,Brand_98,0
1811,39,3819.97,39,Electronics,Brand_72,1
1565,52,3812.11,52,Fashion,Brand_12,0
1801,43,3809.7599999999998,43,Fashion,Brand_13,1
1573,39,3807.46,39,Sports,Brand_10,1
276,40,3806.41,40,Electronics,Brand_3,1
1347,38,3804.52,38,Sports,Brand_22,1
923,50,3801.84,50,Fashion,Brand_93,0
638,42,3801.18,42,Home,Brand_86,1
1667,43,3796.4,43,Sports,Brand_2,1
1950,39,3790.89,39,Electronics,Brand_92,1
1237,54,3789.11,54,Home,Brand_66,0
1982,57,3785.0,57,Home,Brand_93,0
1455,54,3784.29,54,Home,Brand_8,0
777,43,3779.52,43,Home,Brand_36,1
150,46,3779.47,46,Home,Brand_22,1
288,50,3778.11,50,Sports,Brand_14,1
1171,52,3777.33,52,Fashion,Brand_9,0
1976,44,3777.27,44,Home,Brand_3,1
563,45,3776.63,45,Home,Brand_56,1
37,45,3773.77,45,Fashion,Brand_27,0
1493,49,3767.54,49,Fashion,Brand_41,0
839,41,3764.36,41,Home,Brand_73,1
1327,57,3762.84,57,Fashion,Brand_84,0
1385,46,3759.7799999999997,46,Fashion,Brand_76,1
205,49,3756.48,49,Home,Brand_84,1
1734,42,3753.7599999999998,42,Home,Brand_70,1
498,40,3735.48,40,Fashion,Brand_20,1
1525,45,3720.62,45,Fashion,Brand_32,1
1435,53,3715.35,53,Fashion,Brand_11,0
1866,50,3713.38,50,Home,Brand_17,0
476,60,3711.09,60,Fashion,Brand_57,0
1949,47,3709.6,47,Fashion,Brand_1,0
1835,47,3698.58,47,Home,Brand_65,1
394,32,3694.9900000000002,32,Home,Brand_60,1
1247,35,3693.24,35,Electronics,Brand_14,1
504,37,3692.68,37,Sports,Brand_46,1
1201,56,3688.57,56,Fashion,Brand_100,0
393,48,3688.07,48,Fashion,Brand_91,0
1467,43,3687.12,43,Home,Brand_99,1
1515,45,3685.65,45,Sports,Brand_99,0
1746,52,3684.95,52,Home,Brand_89,0
1569,54,3682.29,54,Beauty,Brand_48,0
1832,54,3678.01,54,Home,Brand_5,0
1268,39,3674.8,39,Beauty,Brand_23,1
491,50,3673.45,50,Home,Brand_69,0
854,51,3672.04,51,Beauty,Brand_68,0
1697,42,3670.37,42,Home,Brand_29,1
1438,42,3668.16,42,Home,Brand_99,0
515,36,3667.0,36,Electronics,Brand_69,1
1715,43,3666.9500000000003,43,Home,Brand_5,1
382,36,3660.5099999999998,36,Fashion,Brand_52,1
1233,44,3654.31,44,Beauty,Brand_66,0
1271,47,3647.87,47,Home,Brand_81,0
557,42,3644.51,42,Fashion,Brand_76,0
1194,45,3616.57,45,Electronics,Brand_83,1
993,53,3613.75,53,Home,Brand_43,0
1472,47,3610.0499999999997,47,Fashion,Brand_78,0
1926,56,3603.61,56,Fashion,Brand_35,0
136,53,3598.05,53,Home,Brand_97,0
1975,50,3594.48,50,Beauty,Brand_73,0
42,35,3588.8900000000003,35,Electronics,Brand_5,1
130,31,3585.75,31,Electronics,Brand_96,1
1901,41,3582.98,41,Home,Brand_20,0
799,52,3573.25,51,Fashion,Brand_73,0
82,43,3563.91,43,Fashion,Brand_69,1
1143,43,3560.27,42,Fashion,Brand_18,0
414,37,3554.55,37,Sports,Brand_62,1
1044,44,3553.4100000000003,44,Electronics,Brand_61,1
246,39,3549.15,39,Electronics,Brand_54,1
151,49,3546.15,49,Beauty,Brand_48,0
160,51,3534.91,51,Fashion,Brand_9,0
34,48,3534.18,48,Fashion,Brand_95,0
1672,39,3533.09,39,Home,Brand_63,1
1023,46,3529.93,46,Fashion,Brand_60,0
1056,47,3527.42,47,Home,Brand_3,1
493,51,3526.45,51,Fashion,Brand_27,0
1906,38,3523.73,38,Fashion,Brand_12,1
1780,47,3521.65,47,Electronics,Brand_84,0
1124,44,3517.38,44,Fashion,Brand_29,0
1812,49,3512.33,49,Fashion,Brand_86,0
340,49,3503.38,49,Sports,Brand_84,0
1660,56,3500.65,56,Fashion,Brand_63,0
91,47,3500.31,47,Home,Brand_97,1
1246,51,3500.03,51,Home,Brand_56,0
1704,46,3490.69,46,Fashion,Brand_22,0
370,60,3487.4,60,Beauty,Brand_55,0
165,48,3479.08,48,Fashion,Brand_100,0
1646,41,3476.19,41,Fashion,Brand_51,1
1918,46,3471.45,46,Home,Brand_61,0
680,56,3469.6,56,Fashion,Brand_79,0
79,50,3466.37,50,Beauty,Brand_95,0
986,45,3453.46,45,Grocery,Brand_58,0
1497,46,3445.25,46,Sports,Brand_68,0
366,51,3444.37,51,Sports,Brand_81,0
166,48,3438.92,48,Sports,Brand_61,0
152,46,3437.0899999999997,46,Fashion,Brand_4,0
472,40,3434.93,40,Electronics,Brand_52,1
349,49,3433.36,49,Sports,Brand_8,0
823,46,3432.66,46,Beauty,Brand_39,1
1432,46,3428.0299999999997,46,Sports,Brand_52,0
880,43,3427.71,43,Fashion,Brand_25,1
931,40,3415.11,40,Fashion,Brand_23,0
1202,47,3410.33,47,Sports,Brand_79,0
1283,46,3409.37,46,Home,Brand_71,1
582,52,3406.76,52,Sports,Brand_44,0
989,40,3392.2799999999997,40,Fashion,Brand_61,1
964,41,3390.49,41,Home,Brand_1,1
845,49,3383.52,49,Fashion,Brand_84,0
1969,36,3380.82,36,Electronics,Brand_71,1
1161,34,3375.9100000000003,34,Electronics,Brand_68,1
816,39,3373.65,39,Fashion,Brand_15,1
114,42,3373.39,42,Home,Brand_16,1
807,42,3372.15,42,Home,Brand_14,0
1252,47,3370.66,47,Sports,Brand_44,0
180,43,3368.63,43,Sports,Brand_47,0
1145,46,3365.63,46,Fashion,Brand_51,0
1707,37,3359.7400000000002,37,Sports,Brand_54,1
259,48,3357.07,48,Sports,Brand_63,0
1931,50,3354.44,50,Fashion,Brand_34,0
1921,37,3351.7000000000003,37,Home,Brand_23,1
1398,37,3351.37,37,Sports,Brand_2,1
291,54,3349.63,54,Home,Brand_82,0
1662,44,3349.3900000000003,44,Electronics,Brand_15,0
698,43,3345.86,43,Fashion,Brand_58,0
1363,54,3342.9,54,Fashion,Brand_38,0
614,51,3342.75,51,Fashion,Brand_45,0
678,44,3339.58,44,Home,Brand_83,0
605,50,3339.13,50,Fashion,Brand_45,0
1597,49,3339.0299999999997,49,Home,Brand_75,0
712,43,3334.37,43,Fashion,Brand_1,0
1203,49,3334.26,49,Home,Brand_7,0
191,47,3331.71,47,Sports,Brand_47,0
1864,50,3324.91,50,Beauty,Brand_100,0
795,51,3319.8700000000003,51,Home,Brand_100,0
1106,49,3315.56,49,Fashion,Brand_71,0
1986,61,3315.31,61,Fashion,Brand_30,0
1144,38,3314.3,38,Sports,Brand_87,1
467,36,3312.17,36,Sports,Brand_44,1
1870,52,3298.09,52,Electronics,Brand_18,0
313,45,3294.75,45,Fashion,Brand_36,0
21,46,3294.47,46,Fashion,Brand_49,0
1979,50,3292.77,50,Beauty,Brand_48,0
1674,56,3291.7799999999997,56,Fashion,Brand_85,0
1954,55,3284.29,55,Home,Brand_27,0
1993,49,3284.2400000000002,49,Home,Brand_56,0
1291,45,3270.9,45,Fashion,Brand_14,0
255,40,3270.39,40,Home,Brand_58,0
898,63,3252.34,63,Fashion,Brand_72,0
1066,45,3247.26,45,Sports,Brand_21,0
1499,41,3239.1,41,Home,Brand_75,1
865,42,3234.98,42,Beauty,Brand_30,0
1802,42,3232.08,42,Sports,Brand_51,1
347,51,3231.96,51,Home,Brand_41,0
357,34,3223.28,34,Fashion,Brand_24,1
1501,36,3219.31,36,Home,Brand_45,1
1287,36,3211.58,36,Electronics,Brand_54,1
1885,48,3210.96,48,Home,Brand_66,0
1511,49,3207.25,49,Sports,Brand_53,0
720,49,3205.78,49,Fashion,Brand_83,0
1989,40,3204.67,40,Fashion,Brand_83,0
1306,48,3204.5,48,Sports,Brand_29,0
752,56,3203.5,55,Fashion,Brand_17,0
479,45,3201.36,45,Fashion,Brand_100,0
1548,52,3198.82,52,Home,Brand_95,0
1719,47,3198.69,47,Beauty,Brand_51,0
1147,41,3198.46,41,Fashion,Brand_76,0
27,44,3196.67,44,Home,Brand_49,0
1919,44,3196.37,44,Fashion,Brand_42,1
225,46,3195.54,46,Home,Brand_50,0
846,41,3193.01,41,Fashion,Brand_44,1
1943,45,3191.52,45,Beauty,Brand_34,0
831,38,3189.32,38,Home,Brand_79,1
1594,45,3188.63,45,Fashion,Brand_33,0
1808,47,3187.26,47,Fashion,Brand_85,0
248,54,3186.7400000000002,54,Fashion,Brand_38,0
1845,50,3186.32,50,Fashion,Brand_97,0
584,55,3183.48,55,Fashion,Brand_56,0
749,48,3181.32,48,Sports,Brand_34,0
972,39,3178.15,39,Home,Brand_34,0
1243,49,3175.5099999999998,49,Fashion,Brand_90,0
1600,43,3174.2000000000003,43,Home,Brand_95,0
13,40,3173.96,40,Home,Brand_39,1
428,30,3163.03,30,Electronics,Brand_100,1
1648,38,3157.85,38,Fashion,Brand_10,1
1496,43,3151.16,43,Electronics,Brand_11,0
1193,45,3150.17,45,Home,Brand_70,0
354,35,3147.68,35,Home,Brand_46,1
861,52,3143.73,52,Fashion,Brand_32,0
1073,43,3140.17,43,Fashion,Brand_56,0
1854,52,3137.83,52,Home,Brand_66,0
915,48,3125.16,48,Fashion,Brand_48,0
821,33,3123.64,33,Home,Brand_56,1
24,43,3122.08,43,Home,Brand_61,1
992,42,3111.69,42,Fashion,Brand_41,0
1367,45,3099.98,45,Sports,Brand_30,0
1730,41,3091.08,41,Fashion,Brand_6,0
1372,56,3090.96,56,Fashion,Brand_81,0
990,47,3084.69,47,Sports,Brand_96,0
92,45,3082.46,45,Sports,Brand_8,0
1631,44,3081.8599999999997,44,Home,Brand_12,0
596,41,3079.59,41,Fashion,Brand_63,0
1769,46,3075.89,46,Home,Brand_83,0
518,41,3073.15,41,Fashion,Brand_85,0
1767,40,3072.9,40,Fashion,Brand_11,0
1937,44,3067.16,44,Fashion,Brand_23,0
303,61,3065.82,61,Fashion,Brand_48,0
237,44,3058.21,44,Fashion,Brand_93,0
1609,48,3050.51,47,Beauty,Brand_79,0
906,37,3046.94,37,Home,Brand_23,1
783,54,3045.33,54,Electronics,Brand_52,0
267,53,3044.69,53,Sports,Brand_100,0
722,54,3041.86,54,Fashion,Brand_74,0
317,42,3040.94,42,Fashion,Brand_74,0
1217,59,3040.0499999999997,59,Fashion,Brand_7,0
212,47,3034.0,47,Fashion,Brand_34,0
1001,37,3033.41,36,Electronics,Brand_35,0
1884,54,3023.45,54,Fashion,Brand_23,0
154,53,3023.31,53,Fashion,Brand_84,0
1891,44,3022.98,44,Fashion,Brand_4,0
731,46,3020.29,46,Beauty,Brand_7,0
1046,47,3018.79,47,Home,Brand_15,0
1122,40,3017.84,40,Home,Brand_58,0
201,51,3015.36,51,Beauty,Brand_68,0
1955,45,3011.66,45,Home,Brand_83,0
754,38,3003.0,38,Fashion,Brand_9,1
319,44,2982.14,44,Home,Brand_68,0
1825,35,2982.11,35,Sports,Brand_3,0
1688,39,2977.6600000000003,39,Fashion,Brand_57,0
679,41,2976.27,41,Sports,Brand_81,0
1374,42,2973.87,42,Home,Brand_12,0
1793,45,2971.2599999999998,45,Fashion,Brand_25,0
126,42,2970.96,42,Sports,Brand_88,0
1550,40,2965.44,40,Sports,Brand_19,0
1924,43,2963.59,43,Sports,Brand_37,0
1434,41,2960.0,41,Home,Brand_50,0
539,49,2959.19,49,Sports,Brand_62,0
938,46,2956.0,46,Fashion,Brand_75,0
1925,39,2950.63,39,Home,Brand_90,1
610,52,2949.8700000000003,52,Home,Brand_24,0
988,31,2939.09,31,Fashion,Brand_21,1
1951,36,2938.4500000000003,36,Fashion,Brand_71,1
6,45,2925.37,45,Fashion,Brand_39,0
1415,52,2920.84,52,Fashion,Brand_81,0
984,47,2918.75,47,Sports,Brand_2,0
1082,44,2916.44,44,Fashion,Brand_22,0
134,41,2916.17,41,Sports,Brand_3,0
377,42,2915.98,42,Electronics,Brand_26,0
1868,44,2915.2000000000003,44,Home,Brand_95,0
247,42,2911.08,42,Fashion,Brand_74,0
693,43,2910.71,43,Beauty,Brand_44,0
1647,44,2905.91,44,Electronics,Brand_28,0
1622,47,2903.1200000000003,47,Fashion,Brand_23,0
1753,45,2901.1099999999997,45,Fashion,Brand_54,0
119,48,2900.88,48,Fashion,Brand_7,0
1431,48,2900.81,48,Fashion,Brand_6,0
89,48,2898.0,48,Fashion,Brand_84,0
1403,52,2897.45,52,Fashion,Brand_81,0
1067,64,2893.86,64,Beauty,Brand_85,0
551,42,2893.46,42,Sports,Brand_82,0
1643,40,2879.67,40,Home,Brand_29,0
1641,44,2878.02,44,Home,Brand_60,0
311,42,2872.4900000000002,42,Fashion,Brand_30,0
182,47,2870.3,47,Home,Brand_68,0
1800,52,2857.95,52,Beauty,Brand_25,0
1927,53,2854.9,53,Beauty,Brand_57,0
206,46,2853.82,46,Home,Brand_86,0
721,57,2853.24,57,Home,Brand_57,0
228,56,2850.89,56,Fashion,Brand_89,0
1302,33,2846.03,33,Sports,Brand_65,1
780,37,2845.8500000000004,37,Fashion,Brand_23,0
410,44,2840.39,44,Fashion,Brand_97,0
1269,57,2829.56,57,Fashion,Brand_82,0
808,48,2823.43,48,Fashion,Brand_74,0
1128,49,2821.64,49,Fashion,Brand_68,0
1391,56,2817.31,56,Beauty,Brand_7,0
318,55,2807.7,55,Fashion,Brand_36,0
725,46,2807.68,46,Fashion,Brand_1,0
768,42,2805.73,42,Home,Brand_58,1
1693,56,2803.53,56,Fashion,Brand_27,0
1235,39,2793.6,39,Home,Brand_74,0
1624,52,2789.7,52,Home,Brand_33,0
406,39,2789.43,39,Fashion,Brand_32,0
29,47,2787.96,47,Beauty,Brand_25,0
1072,48,2777.9300000000003,48,Home,Brand_31,0
1221,45,2769.16,45,Sports,Brand_7,0
759,58,2767.11,58,Beauty,Brand_57,0
1195,54,2765.94,54,Fashion,Brand_56,0
804,53,2764.22,53,Sports,Brand_60,0
1318,48,2764.19,48,Beauty,Brand_4,0
1163,39,2752.2999999999997,39,Sports,Brand_75,1
1214,57,2751.31,57,Home,Brand_29,0
155,38,2750.85,38,Fashion,Brand_6,0
1698,47,2744.12,47,Home,Brand_39,0
1529,35,2740.92,35,Fashion,Brand_88,0
630,46,2734.58,46,Fashion,Brand_71,0
1616,51,2731.23,51,Fashion,Brand_26,0
1543,46,2730.25,46,Fashion,Brand_81,0
239,48,2719.04,48,Fashion,Brand_7,0
775,41,2718.5,41,Grocery,Brand_27,0
714,45,2711.42,45,Sports,Brand_35,0
243,49,2704.16,49,Sports,Brand_47,0
904,45,2702.24,45,Fashion,Brand_90,0
409,42,2699.59,42,Fashion,Brand_31,0
1994,33,2695.2599999999998,33,Sports,Brand_100,1
525,42,2693.96,42,Fashion,Brand_23,0
474,50,2691.73,50,Beauty,Brand_19,0
219,39,2682.2000000000003,39,Beauty,Brand_82,0
385,49,2680.9500000000003,49,Home,Brand_40,0
221,47,2680.94,47,Fashion,Brand_30,0
483,50,2675.48,50,Fashion,Brand_3,0
140,49,2674.4,49,Sports,Brand_78,0
338,44,2667.0,44,Sports,Brand_35,0
1553,51,2664.9700000000003,51,Fashion,Brand_15,0
1664,59,2658.06,59,Fashion,Brand_23,0
1270,41,2653.3900000000003,41,Home,Brand_43,0
1477,40,2652.21,40,Beauty,Brand_25,0
23,40,2651.75,40,Electronics,Brand_62,0
254,43,2650.35,43,Fashion,Brand_75,0
1475,44,2646.68,44,Fashion,Brand_11,0
1861,32,2642.23,32,Sports,Brand_99,0
969,42,2639.77,42,Fashion,Brand_36,0
1413,38,2632.2599999999998,38,Fashion,Brand_34,0
1121,49,2632.05,49,Sports,Brand_100,0
442,47,2630.1,47,Fashion,Brand_71,0
1830,42,2627.49,42,Fashion,Brand_22,0
1267,56,2624.1800000000003,56,Home,Brand_8,0
1716,41,2620.98,41,Sports,Brand_34,0
755,48,2620.56,48,Fashion,Brand_17,0
1065,50,2618.89,50,Beauty,Brand_52,0
1410,40,2615.04,40,Home,Brand_89,0
263,51,2613.78,51,Fashion,Brand_48,0
838,38,2613.44,38,Fashion,Brand_95,0
72,48,2610.51,48,Fashion,Brand_25,0
1276,30,2606.77,30,Electronics,Brand_42,1
1362,45,2603.9700000000003,45,Fashion,Brand_98,0
924,48,2602.98,48,Fashion,Brand_28,0
1612,54,2596.3,54,Fashion,Brand_40,0
1935,40,2590.0499999999997,40,Home,Brand_74,0
847,41,2589.9700000000003,41,Beauty,Brand_89,0
639,49,2588.16,49,Fashion,Brand_90,0
1154,56,2584.89,56,Sports,Brand_50,0
322,50,2583.64,50,Grocery,Brand_43,0
1720,47,2582.93,47,Home,Brand_29,0
1741,50,2581.17,50,Beauty,Brand_31,0
1728,42,2577.95,42,Home,Brand_87,0
186,40,2577.11,40,Fashion,Brand_64,0
314,36,2575.01,36,Beauty,Brand_5,0
181,40,2564.71,40,Fashion,Brand_89,0
1078,51,2557.32,51,Beauty,Brand_61,0
1604,49,2552.53,49,Home,Brand_7,0
1679,47,2547.72,47,Grocery,Brand_40,0
934,48,2542.71,48,Home,Brand_78,0
33,49,2541.81,49,Beauty,Brand_35,0
1114,45,2536.21,45,Sports,Brand_19,0
1851,54,2531.16,54,Fashion,Brand_8,0
1311,50,2529.07,50,Beauty,Brand_17,0
1103,56,2526.33,56,Fashion,Brand_44,0
1373,36,2525.13,36,Sports,Brand_99,0
1897,42,2521.05,42,Beauty,Brand_72,0
1457,36,2512.58,36,Beauty,Brand_2,0
523,48,2509.09,48,Beauty,Brand_30,0
305,30,2506.46,30,Home,Brand_3,1
1899,43,2502.44,43,Sports,Brand_1,0
747,41,2496.05,41,Fashion,Brand_86,0
1652,38,2489.87,38,Beauty,Brand_43,0
1338,46,2480.64,45,Fashion,Brand_9,0
897,42,2478.87,42,Fashion,Brand_42,0
580,36,2476.69,36,Fashion,Brand_57,0
1354,45,2475.36,45,Fashion,Brand_96,0
101,50,2469.6400000000003,50,Beauty,Brand_79,0
142,36,2468.13,36,Home,Brand_6,0
68,39,2465.54,39,Home,Brand_44,0
526,51,2459.61,51,Beauty,Brand_94,0
1531,43,2455.86,43,Sports,Brand_25,0
240,39,2447.2400000000002,39,Home,Brand_67,0
1289,40,2446.65,40,Fashion,Brand_46,0
1492,31,2444.7000000000003,31,Fashion,Brand_97,1
1332,39,2439.68,39,Electronics,Brand_27,0
1004,41,2439.06,41,Home,Brand_10,0
1262,42,2430.9300000000003,42,Home,Brand_36,0
1795,48,2429.84,48,Sports,Brand_74,0
711,43,2412.87,43,Fashion,Brand_100,0
1263,36,2411.2599999999998,36,Fashion,Brand_83,0
841,42,2408.96,42,Fashion,Brand_40,0
1810,35,2407.16,35,Home,Brand_71,0
1629,54,2406.65,54,Fashion,Brand_29,0
1510,43,2403.84,43,Fashion,Brand_9,0
39,41,2400.95,41,Fashion,Brand_62,0
1112,39,2399.76,39,Grocery,Brand_6,0
81,52,2392.79,52,Fashion,Brand_68,0
67,50,2382.6600000000003,50,Beauty,Brand_93,0
1974,45,2371.9100000000003,45,Fashion,Brand_92,0
1165,41,2368.36,41,Sports,Brand_44,0
1358,51,2365.33,51,Beauty,Brand_76,0
1684,42,2364.0600000000004,42,Beauty,Brand_83,0
386,58,2353.96,58,Fashion,Brand_5,0
1334,46,2351.2599999999998,46,Home,Brand_37,0
631,48,2350.91,48,Fashion,Brand_55,0
1890,39,2344.71,39,Beauty,Brand_85,0
274,56,2336.26,56,Beauty,Brand_87,0
512,53,2336.18,53,Fashion,Brand_10,0
66,39,2332.2599999999998,39,Fashion,Brand_83,0
1400,39,2328.13,39,Beauty,Brand_100,0
1029,48,2324.26,48,Home,Brand_6,0
612,41,2322.7,41,Fashion,Brand_31,0
650,36,2315.22,36,Home,Brand_44,0
1887,48,2315.1800000000003,48,Fashion,Brand_96,0
213,35,2314.96,35,Home,Brand_6,0
1057,54,2313.0,54,Fashion,Brand_8,0
195,37,2312.09,37,Fashion,Brand_25,0
1739,47,2309.82,47,Fashion,Brand_97,0
1818,42,2309.52,42,Sports,Brand_24,0
1783,44,2309.5099999999998,44,Beauty,Brand_39,0
916,39,2309.06,39,Fashion,Brand_73,0
271,43,2298.9700000000003,43,Grocery,Brand_10,0
217,48,2295.38,48,Beauty,Brand_44,0
143,46,2291.93,46,Fashion,Brand_75,0
1196,41,2289.65,41,Beauty,Brand_54,0
1893,44,2276.15,44,Fashion,Brand_51,0
786,41,2273.63,41,Home,Brand_50,0
465,43,2272.21,43,Fashion,Brand_88,0
1804,38,2268.74,38,Electronics,Brand_25,0
1008,37,2266.88,37,Fashion,Brand_37,0
653,50,2264.55,50,Fashion,Brand_76,0
1104,34,2260.47,34,Sports,Brand_50,0
1929,32,2260.02,32,Beauty,Brand_84,0
47,39,2254.04,39,Fashion,Brand_34,0
299,43,2250.96,43,Sports,Brand_31,0
793,35,2249.69,35,Fashion,Brand_49,0
637,47,2249.17,47,Beauty,Brand_59,0
1428,42,2247.05,42,Fashion,Brand_77,0
977,41,2244.89,41,Fashion,Brand_44,0
1589,46,2242.95,46,Beauty,Brand_67,0
1602,44,2233.1200000000003,44,Fashion,Brand_11,0
1076,49,2226.26,49,Fashion,Brand_23,0
1205,37,2220.14,37,Beauty,Brand_75,0
762,36,2214.24,36,Home,Brand_28,0
1168,49,2212.9900000000002,49,Fashion,Brand_96,0
1599,46,2212.17,46,Fashion,Brand_74,0
1636,56,2208.32,56,Fashion,Brand_1,0
1692,51,2207.45,51,Fashion,Brand_81,0
572,47,2207.2799999999997,47,Fashion,Brand_69,0
482,49,2206.99,49,Home,Brand_96,0
914,38,2206.36,38,Fashion,Brand_38,0
524,35,2202.48,35,Fashion,Brand_7,0
509,38,2200.61,38,Grocery,Brand_38,0
415,45,2190.7,45,Beauty,Brand_27,0
1210,42,2189.5099999999998,42,Fashion,Brand_100,0
1175,40,2186.03,40,Fashion,Brand_24,0
28,54,2184.3,54,Beauty,Brand_4,0
699,46,2181.13,46,Fashion,Brand_4,0
961,50,2180.37,50,Home,Brand_67,0
1859,42,2174.42,42,Sports,Brand_69,0
506,42,2164.5,42,Fashion,Brand_95,0
734,46,2158.83,46,Beauty,Brand_43,0
1188,45,2157.36,45,Fashion,Brand_20,0
359,42,2151.31,42,Beauty,Brand_65,0
1628,41,2149.8,41,Home,Brand_34,0
460,36,2140.8,36,Fashion,Brand_58,0
167,49,2139.09,49,Grocery,Brand_87,0
360,40,2137.79,40,Fashion,Brand_46,0
660,40,2134.59,40,Home,Brand_57,0
1562,47,2134.31,47,Beauty,Brand_75,0
270,55,2127.66,55,Beauty,Brand_5,0
1136,49,2127.16,49,Fashion,Brand_72,0
920,47,2123.43,47,Beauty,Brand_64,0
162,40,2120.81,40,Beauty,Brand_86,0
664,47,2116.15,47,Beauty,Brand_32,0
1130,49,2108.17,48,Fashion,Brand_95,0
1443,44,2105.97,44,Fashion,Brand_4,0
31,32,2105.92,32,Fashion,Brand_28,0
1907,38,2093.16,38,Home,Brand_96,0
978,41,2091.39,41,Fashion,Brand_21,0
597,46,2085.5499999999997,46,Beauty,Brand_41,0
1177,40,2084.58,40,Beauty,Brand_97,0
1595,42,2084.16,42,Fashion,Brand_57,0
1947,35,2083.5299999999997,35,Home,Brand_1,0
1278,43,2082.02,43,Fashion,Brand_87,0
1576,44,2079.9700000000003,44,Fashion,Brand_47,0
121,40,2079.5099999999998,40,Beauty,Brand_73,0
413,44,2072.55,44,Sports,Brand_78,0
1382,49,2072.29,49,Sports,Brand_10,0
478,44,2072.2000000000003,44,Beauty,Brand_85,0
451,46,2070.33,46,Beauty,Brand_2,0
117,54,2063.98,54,Grocery,Brand_69,0
1339,47,2063.26,47,Beauty,Brand_31,0
541,44,2053.85,44,Beauty,Brand_50,0
1580,41,2052.86,41,Fashion,Brand_40,0
439,43,2048.6200000000003,43,Fashion,Brand_4,0
71,45,2040.81,45,Beauty,Brand_91,0
1838,53,2040.25,53,Sports,Brand_69,0
863,58,2037.91,58,Fashion,Brand_29,0
567,32,2030.64,32,Fashion,Brand_6,0
1470,36,2025.58,36,Fashion,Brand_65,0
716,43,2019.08,43,Beauty,Brand_7,0
1030,46,2010.96,46,Sports,Brand_34,0
1503,36,2007.5800000000002,36,Electronics,Brand_11,0
1199,33,2007.38,33,Beauty,Brand_42,0
1961,41,1998.44,41,Beauty,Brand_7,0
1545,52,1994.8799999999999,52,Fashion,Brand_2,0
814,54,1989.62,54,Fashion,Brand_62,0
951,39,1986.89,39,Beauty,Brand_72,0
293,52,1981.55,51,Beauty,Brand_78,0
1085,44,1978.35,44,Grocery,Brand_12,0
1592,43,1975.62,43,Grocery,Brand_48,0
1521,51,1974.3999999999999,51,Beauty,Brand_7,0
238,54,1973.7,54,Beauty,Brand_73,0
674,43,1972.43,43,Beauty,Brand_49,0
907,53,1971.14,53,Beauty,Brand_33,0
356,47,1969.88,47,Electronics,Brand_25,0
1464,47,1967.82,47,Fashion,Brand_93,0
1115,41,1961.3600000000001,41,Fashion,Brand_58,0
1068,52,1958.48,52,Beauty,Brand_28,0
1101,46,1954.3400000000001,46,Fashion,Brand_17,0
379,45,1953.1499999999999,45,Fashion,Brand_45,0
1181,51,1949.3600000000001,51,Beauty,Brand_22,0
83,41,1947.6799999999998,41,Home,Brand_37,0
1319,51,1939.73,51,Sports,Brand_32,0
1256,44,1937.77,44,Beauty,Brand_64,0
1829,44,1936.7,44,Fashion,Brand_39,0
1301,50,1931.82,50,Fashion,Brand_59,0
1260,45,1921.68,45,Fashion,Brand_82,0
870,53,1916.24,53,Grocery,Brand_47,0
1858,40,1913.33,40,Beauty,Brand_89,0
626,44,1908.53,44,Beauty,Brand_67,0
833,41,1908.13,41,Beauty,Brand_12,0
1572,58,1901.6000000000001,58,Beauty,Brand_10,0
7,51,1893.8700000000001,51,Beauty,Brand_42,0
1208,52,1891.28,52,Grocery,Brand_2,0
265,48,1883.83,48,Home,Brand_64,0
1578,42,1875.69,42,Home,Brand_87,0
1110,40,1874.51,40,Beauty,Brand_89,0
1650,42,1872.78,42,Sports,Brand_64,0
278,43,1869.23,43,Fashion,Brand_7,0
879,35,1867.9399999999998,35,Home,Brand_12,0
1633,40,1863.84,40,Fashion,Brand_19,0
1080,38,1863.26,38,Sports,Brand_92,0
1958,59,1860.01,59,Beauty,Brand_81,0
1904,47,1856.4199999999998,47,Beauty,Brand_52,0
844,42,1844.71,42,Fashion,Brand_6,0
1880,50,1844.34,50,Beauty,Brand_100,0
1656,43,1843.81,43,Home,Brand_98,0
1634,44,1833.98,44,Beauty,Brand_28,0
654,55,1832.23,55,Beauty,Brand_68,0
1189,59,1830.29,59,Beauty,Brand_83,0
1296,38,1829.01,38,Fashion,Brand_35,0
601,38,1824.07,38,Sports,Brand_72,0
1485,39,1823.41,39,Beauty,Brand_19,0
624,48,1820.26,48,Grocery,Brand_49,0
643,45,1817.15,45,Beauty,Brand_86,0
1547,38,1817.06,38,Home,Brand_25,0
1000,47,1814.94,47,Beauty,Brand_21,0
1052,64,1814.39,64,Grocery,Brand_75,0
1992,44,1812.5,44,Home,Brand_14,0
1460,49,1803.98,49,Beauty,Brand_24,0
463,55,1799.59,55,Beauty,Brand_13,0
457,46,1796.03,46,Fashion,Brand_68,0
1987,57,1781.3799999999999,57,Beauty,Brand_35,0
1659,57,1779.02,57,Grocery,Brand_81,0
613,46,1767.05,46,Fashion,Brand_54,0
489,46,1766.8,46,Grocery,Brand_16,0
109,53,1766.21,53,Beauty,Brand_72,0
273,35,1763.74,35,Fashion,Brand_79,0
1967,53,1762.43,53,Grocery,Brand_66,0
1446,38,1762.1599999999999,38,Fashion,Brand_2,0
1251,50,1760.77,50,Home,Brand_75,0
1620,44,1759.92,44,Fashion,Brand_27,0
766,54,1748.87,54,Grocery,Brand_7,0
1125,50,1747.6,50,Grocery,Brand_31,0
1983,50,1740.96,50,Beauty,Brand_47,0
742,37,1740.94,37,Fashion,Brand_68,0
1895,46,1735.02,46,Fashion,Brand_51,0
1933,49,1727.41,49,Beauty,Brand_36,0
49,38,1725.99,38,Beauty,Brand_26,0
1991,43,1723.27,43,Grocery,Brand_12,0
477,51,1718.14,51,Beauty,Brand_7,0
792,48,1715.76,48,Grocery,Brand_68,0
403,41,1712.6399999999999,41,Beauty,Brand_61,0
1766,45,1711.99,45,Beauty,Brand_63,0
949,35,1711.24,35,Fashion,Brand_17,0
107,40,1703.07,40,Beauty,Brand_59,0
405,51,1700.36,51,Grocery,Brand_28,0
1959,45,1698.19,45,Fashion,Brand_46,0
995,40,1693.1000000000001,40,Fashion,Brand_39,0
1689,54,1690.08,54,Home,Brand_38,0
962,42,1680.83,42,Fashion,Brand_87,0
294,49,1679.66,49,Beauty,Brand_35,0
1288,36,1677.6000000000001,36,Fashion,Brand_13,0
1827,54,1675.07,54,Beauty,Brand_93,0
1017,44,1674.89,44,Grocery,Brand_64,0
921,37,1674.1200000000001,37,Beauty,Brand_60,0
640,42,1671.19,42,Beauty,Brand_74,0
348,38,1664.6299999999999,38,Beauty,Brand_47,0
950,42,1663.58,42,Fashion,Brand_68,0
1914,44,1662.44,44,Fashion,Brand_19,0
433,48,1662.0800000000002,48,Beauty,Brand_3,0
1799,45,1658.28,45,Fashion,Brand_96,0
1729,42,1656.33,42,Beauty,Brand_57,0
1568,43,1654.37,43,Beauty,Brand_38,0
1502,56,1653.5,56,Grocery,Brand_50,0
873,64,1652.36,64,Grocery,Brand_55,0
45,39,1651.74,39,Grocery,Brand_18,0
991,41,1647.04,41,Fashion,Brand_61,0
1571,46,1645.36,46,Beauty,Brand_3,0
1898,48,1641.0,48,Fashion,Brand_85,0
549,50,1625.96,50,Grocery,Brand_12,0
138,44,1622.96,44,Fashion,Brand_60,0
735,46,1620.14,46,Beauty,Brand_84,0
1871,52,1617.9099999999999,52,Beauty,Brand_14,0
286,45,1605.59,45,Beauty,Brand_5,0
183,46,1604.77,46,Fashion,Brand_56,0
1957,38,1597.81,38,Beauty,Brand_7,0
1092,46,1597.48,46,Beauty,Brand_23,0
1551,54,1595.22,54,Grocery,Brand_27,0
1345,46,1593.46,46,Beauty,Brand_47,0
1186,41,1589.05,41,Beauty,Brand_93,0
1375,44,1581.8,44,Grocery,Brand_67,0
944,54,1577.52,53,Beauty,Brand_3,0
1596,50,1577.06,50,Grocery,Brand_64,0
677,52,1572.52,52,Fashion,Brand_100,0
416,37,1567.24,37,Fashion,Brand_14,0
1450,35,1566.86,34,Fashion,Brand_73,0
1461,36,1565.67,36,Home,Brand_58,0
1054,42,1556.47,42,Grocery,Brand_70,0
918,48,1548.79,48,Fashion,Brand_7,0
330,42,1547.88,42,Fashion,Brand_33,0
1416,37,1541.71,37,Fashion,Brand_92,0
1554,37,1541.21,37,Beauty,Brand_89,0
1607,49,1540.69,49,Grocery,Brand_5,0
1317,63,1539.69,63,Grocery,Brand_98,0
1447,59,1532.1599999999999,59,Grocery,Brand_46,0
188,41,1525.57,41,Beauty,Brand_9,0
1840,49,1521.66,49,Grocery,Brand_91,0
1507,43,1521.06,43,Fashion,Brand_89,0
590,28,1520.96,28,Home,Brand_62,0
1404,57,1512.14,57,Beauty,Brand_31,0
1038,43,1501.39,43,Beauty,Brand_79,0
1889,48,1500.75,48,Grocery,Brand_52,0
1508,40,1496.26,40,Grocery,Brand_36,0
1559,49,1493.38,49,Beauty,Brand_92,0
1813,56,1489.57,56,Beauty,Brand_94,0
100,49,1488.28,49,Fashion,Brand_56,0
632,54,1475.81,53,Grocery,Brand_9,0
487,36,1472.46,36,Beauty,Brand_99,0
1331,43,1470.15,43,Fashion,Brand_45,0
1765,39,1466.99,39,Fashion,Brand_99,0
384,64,1466.69,64,Grocery,Brand_55,0
176,47,1466.47,47,Beauty,Brand_12,0
1760,43,1463.22,43,Fashion,Brand_100,0
50,55,1455.03,55,Grocery,Brand_76,0
1448,57,1446.6499999999999,57,Beauty,Brand_50,0
1506,43,1446.31,43,Fashion,Brand_23,0
2,41,1446.0900000000001,41,Fashion,Brand_1,0
852,38,1444.24,38,Fashion,Brand_37,0
501,43,1443.48,43,Grocery,Brand_81,0
1091,43,1441.7,43,Fashion,Brand_42,0
245,56,1441.46,56,Beauty,Brand_53,0
1883,39,1432.72,39,Fashion,Brand_90,0
1298,40,1432.44,40,Beauty,Brand_83,0
266,50,1431.61,50,Grocery,Brand_83,0
1654,45,1430.26,45,Beauty,Brand_8,0
690,39,1430.1499999999999,39,Fashion,Brand_64,0
772,50,1427.5,50,Grocery,Brand_81,0
694,42,1419.63,42,Beauty,Brand_6,0
1401,40,1416.25,40,Beauty,Brand_2,0
1369,52,1412.74,52,Grocery,Brand_53,0
441,43,1403.43,43,Grocery,Brand_18,0
1282,48,1402.47,48,Grocery,Brand_86,0
595,36,1401.08,36,Beauty,Brand_71,0
828,48,1399.41,48,Grocery,Brand_47,0
469,50,1397.75,50,Grocery,Brand_93,0
1788,33,1397.08,33,Fashion,Brand_59,0
389,50,1391.68,50,Grocery,Brand_17,0
1984,43,1387.34,43,Grocery,Brand_16,0
1207,41,1386.75,41,Beauty,Brand_96,0
1642,38,1380.6,38,Grocery,Brand_12,0
1200,48,1379.47,48,Grocery,Brand_46,0
909,53,1378.5,53,Grocery,Brand_82,0
431,48,1369.1,48,Grocery,Brand_68,0
242,43,1366.11,43,Beauty,Brand_45,0
462,47,1364.04,47,Grocery,Brand_59,0
244,49,1361.52,49,Grocery,Brand_40,0
55,48,1356.7,48,Grocery,Brand_91,0
665,41,1354.88,41,Grocery,Brand_63,0
1170,45,1353.69,45,Grocery,Brand_49,0
1733,44,1351.84,44,Beauty,Brand_56,0
555,56,1350.8999999999999,56,Grocery,Brand_41,0
1322,61,1347.32,61,Beauty,Brand_15,0
1320,45,1339.93,45,Fashion,Brand_25,0
1708,37,1336.65,37,Beauty,Brand_71,0
1021,42,1331.06,42,Beauty,Brand_98,0
1732,51,1330.4,51,Grocery,Brand_50,0
381,46,1330.08,46,Grocery,Brand_7,0
1556,55,1326.8300000000002,55,Grocery,Brand_9,0
751,51,1324.17,51,Fashion,Brand_3,0
1745,38,1324.08,38,Beauty,Brand_98,0
1234,51,1322.0900000000001,51,Grocery,Brand_86,0
1532,61,1320.16,61,Beauty,Brand_16,0
1807,42,1319.95,42,Fashion,Brand_87,0
1456,49,1317.03,49,Grocery,Brand_63,0
1139,42,1315.3500000000001,42,Fashion,Brand_83,0
578,51,1312.43,51,Sports,Brand_33,0
253,52,1311.76,52,Beauty,Brand_18,0
74,52,1310.64,52,Fashion,Brand_36,0
858,48,1310.1200000000001,48,Beauty,Brand_91,0
281,56,1309.19,56,Grocery,Brand_78,0
536,37,1308.96,37,Beauty,Brand_27,0
1758,59,1308.67,59,Grocery,Brand_23,0
1872,54,1302.29,54,Grocery,Brand_17,0
983,46,1295.3999999999999,46,Grocery,Brand_54,0
328,39,1290.86,39,Grocery,Brand_45,0
350,54,1289.99,54,Fashion,Brand_41,0
982,40,1282.25,40,Grocery,Brand_25,0
492,42,1281.87,42,Beauty,Brand_75,0
1776,47,1280.28,47,Grocery,Brand_82,0
387,30,1276.92,30,Fashion,Brand_34,0
1703,43,1276.3,43,Grocery,Brand_97,0
764,53,1270.66,53,Grocery,Brand_45,0
1535,51,1269.35,51,Grocery,Brand_64,0
1488,56,1268.23,56,Grocery,Brand_15,0
1148,54,1267.74,54,Grocery,Brand_80,0
886,40,1262.25,40,Fashion,Brand_51,0
635,31,1262.1000000000001,31,Fashion,Brand_51,0
579,41,1261.84,41,Beauty,Brand_14,0
1087,47,1255.76,47,Beauty,Brand_82,0
540,42,1255.07,42,Fashion,Brand_40,0
304,37,1253.31,37,Beauty,Brand_36,0
728,53,1241.4,53,Grocery,Brand_65,0
1694,47,1237.82,47,Grocery,Brand_97,0
1821,26,1237.06,26,Fashion,Brand_88,0
1264,63,1237.0,63,Grocery,Brand_94,0
789,56,1227.57,56,Fashion,Brand_23,0
1053,50,1227.34,49,Grocery,Brand_74,0
1018,42,1223.2,42,Fashion,Brand_76,0
1204,41,1218.25,41,Beauty,Brand_37,0
1815,39,1214.33,39,Grocery,Brand_39,0
571,44,1212.59,44,Grocery,Brand_3,0
1579,48,1206.49,48,Beauty,Brand_24,0
1005,62,1195.94,62,Grocery,Brand_72,0
576,41,1195.51,41,Beauty,Brand_46,0
682,42,1192.46,42,Fashion,Brand_83,0
1126,48,1179.65,48,Fashion,Brand_51,0
1857,40,1178.2,40,Grocery,Brand_49,0
689,47,1173.26,47,Grocery,Brand_31,0
702,56,1173.21,56,Grocery,Brand_63,0
75,34,1170.63,34,Home,Brand_24,0
1524,46,1170.49,46,Grocery,Brand_28,0
1059,43,1168.73,43,Beauty,Brand_64,0
48,35,1168.55,35,Fashion,Brand_60,0
765,47,1165.55,47,Grocery,Brand_7,0
1191,40,1164.98,40,Fashion,Brand_57,0
342,51,1164.64,51,Beauty,Brand_97,0
1520,39,1164.1,39,Grocery,Brand_95,0
778,46,1160.51,46,Beauty,Brand_63,0
1538,64,1156.26,64,Grocery,Brand_75,0
1407,59,1154.16,59,Beauty,Brand_99,0
1869,56,1153.62,56,Grocery,Brand_94,0
1878,47,1150.28,47,Grocery,Brand_82,0
967,35,1149.75,35,Beauty,Brand_12,0
1022,45,1148.43,45,Grocery,Brand_84,0
1254,56,1145.39,56,Grocery,Brand_75,0
878,40,1142.07,40,Grocery,Brand_54,0
1074,44,1141.66,44,Beauty,Brand_13,0
332,40,1139.56,40,Beauty,Brand_23,0
1392,43,1134.59,43,Grocery,Brand_16,0
1245,46,1131.34,46,Grocery,Brand_95,0
159,41,1130.6,41,Grocery,Brand_81,0
887,32,1115.8,32,Beauty,Brand_55,0
1761,32,1113.94,32,Fashion,Brand_28,0
502,54,1111.66,54,Grocery,Brand_83,0
1229,48,1110.49,48,Grocery,Brand_63,0
1540,39,1106.14,39,Grocery,Brand_63,0
719,49,1106.12,49,Grocery,Brand_1,0
90,45,1105.02,45,Grocery,Brand_98,0
1032,47,1103.66,47,Beauty,Brand_63,0
1063,40,1099.99,40,Beauty,Brand_50,0
884,67,1097.3899999999999,67,Grocery,Brand_72,0
1999,40,1097.12,40,Fashion,Brand_94,0
157,47,1093.83,47,Beauty,Brand_29,0
1936,46,1093.19,46,Fashion,Brand_63,0
1948,42,1086.85,42,Beauty,Brand_93,0
981,44,1085.95,44,Beauty,Brand_11,0
710,39,1084.9,39,Beauty,Brand_40,0
1586,53,1080.39,53,Beauty,Brand_71,0
546,48,1074.91,48,Grocery,Brand_8,0
420,56,1074.47,56,Beauty,Brand_96,0
508,39,1070.77,39,Fashion,Brand_51,0
250,45,1064.83,45,Fashion,Brand_8,0
1159,53,1055.73,53,Beauty,Brand_89,0
1152,51,1054.9,51,Grocery,Brand_89,0
1003,42,1054.3400000000001,42,Beauty,Brand_78,0
1096,31,1053.76,30,Fashion,Brand_17,0
888,50,1052.6499999999999,50,Beauty,Brand_2,0
1911,38,1048.28,38,Beauty,Brand_40,0
672,42,1047.67,42,Grocery,Brand_66,0
339,43,1047.27,43,Grocery,Brand_61,0
1582,45,1047.07,45,Grocery,Brand_67,0
1212,43,1045.38,43,Beauty,Brand_84,0
9,35,1040.14,35,Home,Brand_73,0
1630,50,1032.94,50,Grocery,Brand_76,0
1098,36,1032.18,36,Grocery,Brand_4,0
174,43,1029.13,43,Grocery,Brand_95,0
1905,45,1028.97,45,Grocery,Brand_27,0
927,53,1025.11,53,Grocery,Brand_38,0
461,42,1023.34,42,Grocery,Brand_49,0
453,55,1023.2099999999999,55,Grocery,Brand_18,0
1910,52,1023.1800000000001,52,Grocery,Brand_72,0
1791,53,1022.24,53,Grocery,Brand_60,0
625,42,1021.2900000000001,42,Grocery,Brand_69,0
1209,58,1017.88,58,Grocery,Brand_27,0
520,40,1015.2099999999999,40,Grocery,Brand_82,0
1451,45,1013.5300000000001,45,Grocery,Brand_22,0
275,48,1012.53,48,Grocery,Brand_7,0
30,48,1011.4000000000001,48,Grocery,Brand_47,0
1981,39,1010.11,39,Grocery,Brand_53,0
600,50,1008.19,50,Grocery,Brand_48,0
856,50,1006.69,50,Grocery,Brand_46,0
241,51,1001.8,51,Grocery,Brand_78,0
125,52,998.47,52,Grocery,Brand_52,0
1690,39,996.73,39,Fashion,Brand_97,0
1062,46,995.9000000000001,46,Fashion,Brand_24,0
280,48,994.3100000000001,48,Grocery,Brand_62,0
494,49,991.83,49,Grocery,Brand_86,0
926,53,985.34,53,Grocery,Brand_1,0
1916,43,984.52,43,Grocery,Brand_89,0
1952,27,983.26,26,Fashion,Brand_63,0
298,40,982.73,40,Grocery,Brand_65,0
1618,42,981.89,42,Grocery,Brand_7,0
52,46,981.43,46,Grocery,Brand_98,0
1297,52,979.23,52,Grocery,Brand_54,0
1344,55,975.0,55,Grocery,Brand_25,0
488,51,972.55,51,Beauty,Brand_94,0
327,52,964.13,52,Grocery,Brand_8,0
1574,39,956.55,39,Beauty,Brand_83,0
1500,46,954.96,46,Grocery,Brand_93,0
1823,40,952.2,40,Beauty,Brand_17,0
193,36,944.91,36,Beauty,Brand_62,0
1566,39,939.35,39,Grocery,Brand_25,0
696,36,936.27,36,Grocery,Brand_39,0
569,44,933.91,44,Grocery,Brand_75,0
408,48,933.3000000000001,48,Grocery,Brand_39,0
326,52,930.25,52,Grocery,Brand_96,0
1775,37,929.99,37,Grocery,Brand_18,0
1920,48,928.14,48,Grocery,Brand_88,0
813,51,926.59,51,Grocery,Brand_49,0
913,48,925.94,48,Grocery,Brand_27,0
400,41,923.93,41,Grocery,Brand_23,0
307,48,923.34,48,Grocery,Brand_36,0
1167,42,921.96,42,Grocery,Brand_77,0
741,37,920.45,37,Grocery,Brand_93,0
745,44,918.0600000000001,44,Grocery,Brand_36,0
1797,34,909.97,34,Beauty,Brand_79,0
1352,53,909.47,53,Grocery,Brand_35,0
513,40,906.34,40,Grocery,Brand_8,0
1968,39,904.03,39,Grocery,Brand_26,0
1215,46,896.01,46,Beauty,Brand_86,0
1533,42,894.82,42,Grocery,Brand_76,0
1894,38,889.3100000000001,38,Grocery,Brand_94,0
1295,37,887.0,37,Grocery,Brand_20,0
953,49,882.23,49,Grocery,Brand_66,0
1242,44,882.02,44,Grocery,Brand_66,0
118,41,881.99,41,Grocery,Brand_51,0
1414,47,873.23,47,Grocery,Brand_8,0
507,54,866.05,54,Grocery,Brand_73,0
12,48,865.96,48,Fashion,Brand_20,0
258,45,856.64,45,Grocery,Brand_91,0
667,49,854.7700000000001,49,Grocery,Brand_80,0
849,57,853.68,57,Grocery,Brand_19,0
1,43,849.95,43,Grocery,Brand_58,0
108,40,848.6700000000001,40,Grocery,Brand_48,0
43,44,848.58,44,Grocery,Brand_72,0
744,47,837.09,47,Grocery,Brand_77,0
802,34,836.03,34,Grocery,Brand_82,0
1743,45,830.75,45,Grocery,Brand_34,0
1397,43,825.79,43,Fashion,Brand_88,0
644,46,821.59,46,Grocery,Brand_40,0
1051,48,810.57,48,Grocery,Brand_61,0
701,51,808.9399999999999,51,Grocery,Brand_13,0
1661,50,807.6,50,Grocery,Brand_20,0
1031,43,806.73,43,Grocery,Brand_88,0
1836,56,803.7099999999999,56,Grocery,Brand_84,0
1069,52,803.33,52,Grocery,Brand_62,0
1613,56,803.1,56,Grocery,Brand_85,0
1368,35,802.19,35,Grocery,Brand_75,0
301,49,801.25,49,Grocery,Brand_73,0
1773,61,800.61,61,Grocery,Brand_26,0
1458,60,799.5600000000001,60,Grocery,Brand_82,0
1206,47,798.65,47,Grocery,Brand_66,0
957,39,796.72,39,Grocery,Brand_42,0
1222,39,795.49,39,Grocery,Brand_46,0
56,60,794.88,60,Grocery,Brand_83,0
1956,41,790.71,41,Grocery,Brand_64,0
1747,43,787.14,43,Grocery,Brand_47,0
113,51,783.57,51,Grocery,Brand_24,0
642,42,778.85,42,Grocery,Brand_23,0
1526,45,777.99,45,Grocery,Brand_94,0
1875,41,776.48,41,Grocery,Brand_68,0
1266,41,773.36,41,Grocery,Brand_39,0
1351,39,772.34,39,Beauty,Brand_24,0
392,54,770.72,54,Grocery,Brand_52,0
1427,38,767.41,38,Beauty,Brand_89,0
746,42,764.72,42,Grocery,Brand_76,0
1865,50,763.54,50,Fashion,Brand_36,0
1118,45,758.15,45,Grocery,Brand_11,0
656,38,756.77,38,Grocery,Brand_99,0
427,50,756.07,50,Grocery,Brand_27,0
63,57,755.54,57,Beauty,Brand_87,0
1774,40,754.01,40,Grocery,Brand_56,0
562,46,753.74,46,Grocery,Brand_13,0
925,38,751.49,38,Grocery,Brand_47,0
361,44,750.04,44,Grocery,Brand_18,0
99,39,748.88,39,Grocery,Brand_47,0
170,41,748.56,41,Grocery,Brand_99,0
1077,45,746.88,45,Grocery,Brand_21,0
235,52,740.77,52,Grocery,Brand_50,0
1874,57,738.22,57,Grocery,Brand_82,0
1083,43,737.59,43,Grocery,Brand_3,0
1466,43,736.27,43,Grocery,Brand_98,0
1479,47,732.79,47,Grocery,Brand_74,0
1941,45,732.28,45,Grocery,Brand_42,0
1638,39,727.66,38,Grocery,Brand_43,0
955,43,727.45,43,Grocery,Brand_4,0
1882,36,726.55,36,Grocery,Brand_52,0
1817,40,726.13,40,Grocery,Brand_72,0
302,46,725.73,46,Grocery,Brand_95,0
715,37,723.6600000000001,37,Grocery,Brand_8,0
1406,36,722.97,36,Grocery,Brand_95,0
1439,46,720.13,46,Grocery,Brand_1,0
1909,46,719.82,46,Grocery,Brand_82,0
16,36,718.77,36,Grocery,Brand_28,0
277,47,713.46,47,Grocery,Brand_57,0
1681,44,712.8,44,Grocery,Brand_4,0
1440,53,711.0,53,Grocery,Brand_60,0
297,40,709.65,40,Beauty,Brand_63,0
552,51,706.89,51,Grocery,Brand_21,0
1411,35,699.69,35,Grocery,Brand_49,0
1380,43,699.1600000000001,43,Grocery,Brand_69,0
432,66,695.05,66,Grocery,Brand_70,0
1560,51,694.69,51,Grocery,Brand_10,0
1016,46,687.74,46,Grocery,Brand_82,0
1474,48,687.55,48,Grocery,Brand_41,0
1669,48,685.59,48,Grocery,Brand_83,0
1402,47,683.86,47,Grocery,Brand_22,0
940,45,683.56,45,Grocery,Brand_67,0
691,45,683.0,45,Grocery,Brand_17,0
320,45,680.1800000000001,45,Grocery,Brand_81,0
779,41,677.61,41,Grocery,Brand_86,0
1696,47,675.54,47,Beauty,Brand_87,0
1837,49,674.0,49,Grocery,Brand_95,0
146,42,669.71,42,Grocery,Brand_93,0
1786,43,662.89,43,Grocery,Brand_85,0
1133,54,657.28,54,Grocery,Brand_77,0
115,58,655.96,58,Grocery,Brand_10,0
36,49,653.91,49,Grocery,Brand_19,0
787,42,650.32,42,Grocery,Brand_32,0
129,51,636.69,51,Beauty,Brand_52,0
718,38,632.75,38,Grocery,Brand_79,0
1824,43,631.16,43,Grocery,Brand_9,0
1284,53,627.12,53,Grocery,Brand_81,0
161,48,624.44,48,Grocery,Brand_80,0
116,52,622.17,52,Grocery,Brand_16,0
1938,42,616.95,42,Grocery,Brand_99,0
676,41,612.44,41,Grocery,Brand_23,0
295,44,602.94,44,Grocery,Brand_59,0
1892,51,598.12,51,Grocery,Brand_55,0
736,45,597.14,45,Beauty,Brand_50,0
1822,40,595.15,40,Grocery,Brand_98,0
375,51,594.12,51,Grocery,Brand_88,0
1781,27,593.65,27,Grocery,Brand_78,0
1980,44,592.13,44,Grocery,Brand_28,0
1097,34,590.94,34,Grocery,Brand_69,0
651,44,589.64,44,Grocery,Brand_70,0
866,38,572.51,38,Grocery,Brand_90,0
758,46,570.02,46,Grocery,Brand_60,0
1365,53,564.47,53,Grocery,Brand_60,0
1842,40,564.0699999999999,40,Grocery,Brand_98,0
1286,33,554.09,33,Grocery,Brand_74,0
1606,35,551.6800000000001,35,Grocery,Brand_26,0
776,49,548.24,49,Beauty,Brand_9,0
54,36,547.89,36,Grocery,Brand_90,0
1009,57,538.84,57,Grocery,Brand_99,0
1123,51,538.03,51,Grocery,Brand_18,0
352,40,532.11,40,Grocery,Brand_83,0
1717,45,531.5,45,Grocery,Brand_94,0
1293,48,527.67,48,Grocery,Brand_16,0
1279,41,522.4,41,Grocery,Brand_15,0
843,29,516.93,29,Grocery,Brand_27,0
797,44,516.71,44,Grocery,Brand_88,0
883,50,512.92,50,Grocery,Brand_43,0
895,50,509.13,50,Grocery,Brand_8,0
1157,32,507.29,32,Grocery,Brand_27,0
1043,44,502.04,44,Grocery,Brand_65,0
208,45,488.61,45,Grocery,Brand_84,0
104,48,485.14000000000004,48,Grocery,Brand_58,0
652,41,481.58000000000004,41,Grocery,Brand_5,0
1873,30,477.92,30,Grocery,Brand_15,0
1839,40,471.56,40,Grocery,Brand_15,0
530,42,470.66,42,Grocery,Brand_68,0
930,46,467.75,46,Grocery,Brand_14,0
1442,50,460.43,50,Grocery,Brand_99,0
877,42,459.14,42,Grocery,Brand_42,0
604,40,456.94,40,Grocery,Brand_97,0
1453,47,449.98,47,Grocery,Brand_22,0
1790,42,429.56,42,Grocery,Brand_49,0
1315,44,422.31,44,Grocery,Brand_58,0
1495,43,420.69,43,Grocery,Brand_76,0
41,32,417.76,32,Beauty,Brand_23,0
1155,33,414.95,33,Grocery,Brand_89,0
1833,50,405.21000000000004,50,Grocery,Brand_84,0
284,36,386.09000000000003,36,Grocery,Brand_62,0
619,36,381.87,36,Grocery,Brand_20,0
1514,34,356.28000000000003,34,Grocery,Brand_20,0
706,43,353.99,43,Grocery,Brand_36,0
659,45,343.22,45,Grocery,Brand_7,0
1771,53,323.86,53,Grocery,Brand_45,0
1917,28,321.38,28,Grocery,Brand_51,0
426,38,320.3,38,Grocery,Brand_22,0
1676,43,318.77,43,Grocery,Brand_29,0
102,30,318.61,30,Grocery,Brand_18,0
1426,33,275.8,33,Grocery,Brand_25,0
657,44,269.54,44,Grocery,Brand_68,0
